RI,Na,Mg,Al,Si,K,Ca,Ba,Fe,RI*Na,RI*Mg,RI*Al,RI*Si,RI*K,RI*Ca,RI*Ba,RI*Fe,Na*Mg,Na*Al,Na*Si,Na*K,Na*Ca,Na*Ba,Na*Fe,Mg*Al,Mg*Si,Mg*K,Mg*Ca,Mg*Ba,Mg*Fe,Al*Si,Al*K,Al*Ca,Al*Ba,Al*Fe,Si*K,Si*Ca,Si*Ba,Si*Fe,K*Ca,K*Ba,K*Fe,Ca*Ba,Ca*Fe,Ba*Fe,Type
1.52101,13.64,4.49,1.1,71.78,0.06,8.75,0.0,0.0,20.746576400000000,6.8293349,1.673111,109.1780978,0.0912606,13.3088375,0.0,0.0,61.24360000000000,15.004000000000000,979.0792,0.8184,119.35000000000000,0.0,0.0,4.939000000000000,322.29220000000000,0.26940000000000000,39.2875,0.0,0.0,78.95800000000000,0.066,9.625,0.0,0.0,4.3068,628.075,0.0,0.0,0.525,0.0,0.0,0.0,0.0,0.0,1
1.51761,13.89,3.6,1.36,72.73,0.48,7.83,0.0,0.0,21.0796029,5.4633960000000000,2.0639496,110.3757753,0.7284528000000000,11.8828863,0.0,0.0,50.004000000000000,18.890400000000000,1010.2197000000000,6.6672,108.7587,0.0,0.0,4.896000000000000,261.82800000000000,1.728,28.188000000000000,0.0,0.0,98.91280000000000,0.6528,10.648800000000000,0.0,0.0,34.9104,569.4759,0.0,0.0,3.7584,0.0,0.0,0.0,0.0,0.0,1
1.51618,13.53,3.55,1.54,72.99,0.39,7.78,0.0,0.0,20.513915400000000,5.382439,2.3349172,110.6659782,0.5913102,11.795880400000000,0.0,0.0,48.031500000000000,20.836200000000000,987.5547000000000,5.2767,105.2634,0.0,0.0,5.467,259.11450000000000,1.3845,27.619,0.0,0.0,112.40460000000000,0.6006,11.981200000000000,0.0,0.0,28.466100000000000,567.8622,0.0,0.0,3.0342000000000000,0.0,0.0,0.0,0.0,0.0,1
1.51766,13.21,3.69,1.29,72.61,0.57,8.22,0.0,0.0,20.048288600000000,5.6001654,1.9577814,110.1972926,0.8650662000000000,12.475165200000000,0.0,0.0,48.7449,17.0409,959.1781000000000,7.5297,108.58620000000000,0.0,0.0,4.7601,267.9309,2.1033,30.3318,0.0,0.0,93.6669,0.7353,10.603800000000000,0.0,0.0,41.387700000000000,596.8542,0.0,0.0,4.6854,0.0,0.0,0.0,0.0,0.0,1
1.51742,13.27,3.62,1.24,73.08,0.55,8.07,0.0,0.0,20.1361634,5.4930604,1.8816008,110.8930536,0.834581,12.2455794,0.0,0.0,48.0374,16.4548,969.7716000000000,7.298500000000000,107.0889,0.0,0.0,4.4888,264.5496,1.9910000000000000,29.213400000000000,0.0,0.0,90.61920000000000,0.682,10.0068,0.0,0.0,40.194,589.7556,0.0,0.0,4.4385,0.0,0.0,0.0,0.0,0.0,1
1.51596,12.79,3.61,1.62,72.97,0.64,8.07,0.0,0.26,19.389128400000000,5.4726156,2.4558552000000000,110.61960120000000,0.9702144,12.2337972,0.0,0.3941496,46.171900000000000,20.7198,933.2863000000000,8.185600000000000,103.2153,0.0,3.3254000000000000,5.8482,263.4217,2.3104,29.1327,0.0,0.9386,118.21140000000000,1.0368000000000000,13.073400000000000,0.0,0.4212,46.7008,588.8679,0.0,18.9722,5.1648000000000000,0.0,0.16640000000000000,0.0,2.0982000000000000,0.0,1
1.51743,13.3,3.6,1.14,73.09,0.58,8.17,0.0,0.0,20.181819,5.462748,1.7298702,110.90895870000000,0.8801094000000000,12.3974031,0.0,0.0,47.88,15.162000000000000,972.0970000000000,7.7140000000000000,108.661,0.0,0.0,4.104,263.124,2.088,29.412,0.0,0.0,83.3226,0.6612000000000000,9.313800000000000,0.0,0.0,42.3922,597.1453,0.0,0.0,4.7386,0.0,0.0,0.0,0.0,0.0,1
1.51756,13.15,3.61,1.05,73.24,0.57,8.24,0.0,0.0,19.955914,5.4783916,1.5934380000000000,111.1460944,0.8650092000000000,12.5046944,0.0,0.0,47.4715,13.807500000000000,963.106,7.4955,108.35600000000000,0.0,0.0,3.7905,264.39640000000000,2.0577000000000000,29.7464,0.0,0.0,76.902,0.5985000000000000,8.652000000000000,0.0,0.0,41.74680000000000,603.4976000000000,0.0,0.0,4.6968,0.0,0.0,0.0,0.0,0.0,1
1.51918,14.04,3.58,1.37,72.08,0.56,8.3,0.0,0.0,21.3292872,5.4386644,2.0812766000000000,109.50249440000000,0.8507408000000000,12.609194,0.0,0.0,50.2632,19.2348,1012.0032000000000,7.8624,116.532,0.0,0.0,4.9046,258.0464,2.0048000000000000,29.714000000000000,0.0,0.0,98.7496,0.7672000000000000,11.371000000000000,0.0,0.0,40.3648,598.264,0.0,0.0,4.648000000000000,0.0,0.0,0.0,0.0,0.0,1
1.51755,13.0,3.6,1.36,72.99,0.57,8.4,0.0,0.11,19.72815,5.46318,2.0638680000000000,110.76597450000000,0.8650035000000000,12.74742,0.0,0.1669305,46.800000000000000,17.68,948.8700000000000,7.410000000000000,109.2,0.0,1.43,4.896000000000000,262.764,2.052,30.240000000000000,0.0,0.396,99.2664,0.7752,11.424000000000000,0.0,0.1496,41.604300000000000,613.116,0.0,8.0289,4.788000000000000,0.0,0.06270000000000000,0.0,0.924,0.0,1
1.51571,12.72,3.46,1.56,73.2,0.67,8.09,0.0,0.24,19.2798312,5.2443566,2.3645076,110.949972,1.0155257,12.262093900000000,0.0,0.36377040000000000,44.0112,19.843200000000000,931.104,8.522400000000000,102.90480000000000,0.0,3.0528,5.3976,253.27200000000000,2.3182,27.9914,0.0,0.8304000000000000,114.19200000000000,1.0452000000000000,12.6204,0.0,0.3744,49.044000000000000,592.188,0.0,17.568,5.4203,0.0,0.1608,0.0,1.9416,0.0,1
1.51763,12.8,3.66,1.27,73.01,0.6,8.56,0.0,0.0,19.425664,5.5545258,1.9273901,110.80216630000000,0.910578,12.9909128,0.0,0.0,46.848000000000000,16.256,934.5280000000000,7.68,109.56800000000000,0.0,0.0,4.6482,267.2166,2.196,31.329600000000000,0.0,0.0,92.7227,0.762,10.8712,0.0,0.0,43.806000000000000,624.9656000000000,0.0,0.0,5.136,0.0,0.0,0.0,0.0,0.0,1
1.51589,12.88,3.43,1.4,73.28,0.69,8.05,0.0,0.24,19.5246632,5.1995027,2.1222460000000000,111.0844192,1.0459641,12.2029145,0.0,0.36381360000000000,44.1784,18.032,943.8464,8.8872,103.68400000000000,0.0,3.0912,4.802,251.3504,2.3667,27.611500000000000,0.0,0.8232,102.592,0.9660000000000000,11.27,0.0,0.33600000000000000,50.563200000000000,589.9040000000000,0.0,17.5872,5.5545,0.0,0.16560000000000000,0.0,1.9320000000000000,0.0,1
1.51748,12.86,3.56,1.27,73.21,0.54,8.38,0.0,0.17,19.5147928,5.4022288,1.9271996,111.09471080000000,0.8194392,12.7164824,0.0,0.2579716,45.7816,16.3322,941.4806000000000,6.9444,107.7668,0.0,2.1862,4.5212,260.6276,1.9224,29.832800000000000,0.0,0.6052000000000000,92.9767,0.6858000000000000,10.642600000000000,0.0,0.2159,39.5334,613.4998,0.0,12.4457,4.525200000000000,0.0,0.0918,0.0,1.4246000000000000,0.0,1
1.51763,12.61,3.59,1.31,73.29,0.58,8.5,0.0,0.0,19.1373143,5.4482917000000000,1.9880953000000000,111.22710270000000,0.8802254000000000,12.899855,0.0,0.0,45.26990000000000,16.5191,924.1869,7.313800000000000,107.185,0.0,0.0,4.7029,263.1111,2.0822,30.515,0.0,0.0,96.00990000000000,0.7598,11.135,0.0,0.0,42.5082,622.965,0.0,0.0,4.93,0.0,0.0,0.0,0.0,0.0,1
1.51761,12.81,3.54,1.23,73.24,0.58,8.39,0.0,0.0,19.4405841,5.3723394000000000,1.8666603,111.14975640000000,0.8802138000000000,12.7327479,0.0,0.0,45.3474,15.7563,938.2044,7.4298,107.47590000000000,0.0,0.0,4.3542,259.26960000000000,2.0532,29.7006,0.0,0.0,90.08520000000000,0.7134000000000000,10.319700000000000,0.0,0.0,42.47920000000000,614.4836,0.0,0.0,4.8662,0.0,0.0,0.0,0.0,0.0,1
1.51784,12.68,3.67,1.16,73.11,0.61,8.7,0.0,0.0,19.2462112,5.5704728,1.7606944,110.96928240000000,0.9258824,13.205208000000000,0.0,0.0,46.535600000000000,14.708800000000000,927.0348,7.7348,110.31600000000000,0.0,0.0,4.257200000000000,268.3137,2.2387000000000000,31.929,0.0,0.0,84.8076,0.7076000000000000,10.092000000000000,0.0,0.0,44.5971,636.0570000000000,0.0,0.0,5.3070000000000000,0.0,0.0,0.0,0.0,0.0,1
1.52196,14.36,3.85,0.89,71.36,0.15,9.15,0.0,0.0,21.8553456,5.859546,1.3545444,108.6070656,0.228294,13.925934,0.0,0.0,55.286,12.7804,1024.7296,2.154,131.394,0.0,0.0,3.4265000000000000,274.736,0.5775,35.2275,0.0,0.0,63.5104,0.1335,8.143500000000000,0.0,0.0,10.704000000000000,652.9440000000000,0.0,0.0,1.3725,0.0,0.0,0.0,0.0,0.0,1
1.51911,13.9,3.73,1.18,72.12,0.06,8.89,0.0,0.0,21.115629,5.6662803000000000,1.7925498000000000,109.5582132,0.0911466,13.5048879,0.0,0.0,51.847,16.402,1002.4680000000000,0.834,123.57100000000000,0.0,0.0,4.4014,269.0076,0.2238,33.1597,0.0,0.0,85.1016,0.07080000000000000,10.4902,0.0,0.0,4.3272,641.1468000000000,0.0,0.0,0.5334,0.0,0.0,0.0,0.0,0.0,1
1.51735,13.02,3.54,1.69,72.73,0.54,8.44,0.0,0.07,19.755897000000000,5.371419,2.5643215000000000,110.3568655,0.819369,12.806434,0.0,0.1062145,46.0908,22.0038,946.9446,7.0308,109.88880000000000,0.0,0.9114000000000000,5.9826,257.4642,1.9116000000000000,29.877600000000000,0.0,0.24780000000000000,122.9137,0.9126000000000000,14.263600000000000,0.0,0.1183,39.27420000000000,613.8412,0.0,5.091100000000000,4.5576,0.0,0.03780000000000000,0.0,0.5908,0.0,1
1.5175,12.82,3.55,1.49,72.75,0.54,8.52,0.0,0.19,19.45435,5.387125,2.261075,110.39812500000000,0.8194500000000000,12.9291,0.0,0.288325,45.511000000000000,19.1018,932.655,6.9228000000000000,109.2264,0.0,2.4358,5.289500000000000,258.2625,1.917,30.246,0.0,0.6745,108.3975,0.8046000000000000,12.694800000000000,0.0,0.2831,39.285000000000000,619.8300000000000,0.0,13.8225,4.6008000000000000,0.0,0.10260000000000000,0.0,1.6188,0.0,1
1.51966,14.77,3.75,0.29,72.02,0.03,9.0,0.0,0.0,22.4453782,5.698725,0.44070140000000000,109.44591320000000,0.0455898,13.67694,0.0,0.0,55.387500000000000,4.2833,1063.7354000000000,0.4431,132.93,0.0,0.0,1.0875,270.075,0.11250000000000000,33.75,0.0,0.0,20.885800000000000,0.0087,2.61,0.0,0.0,2.1606000000000000,648.18,0.0,0.0,0.27,0.0,0.0,0.0,0.0,0.0,1
1.51736,12.78,3.62,1.29,72.79,0.59,8.7,0.0,0.0,19.3918608,5.4928432,1.9573944,110.44863440000000,0.8952424,13.201032,0.0,0.0,46.2636,16.4862,930.2562,7.5402,111.18600000000000,0.0,0.0,4.6698,263.49980000000000,2.1358,31.494,0.0,0.0,93.8991,0.7611,11.223000000000000,0.0,0.0,42.9461,633.273,0.0,0.0,5.133000000000000,0.0,0.0,0.0,0.0,0.0,1
1.51751,12.81,3.57,1.35,73.02,0.62,8.59,0.0,0.0,19.4393031,5.417510700000000,2.0486385,110.8085802,0.9408562000000000,13.035410900000000,0.0,0.0,45.7317,17.2935,935.3862,7.942200000000000,110.03790000000000,0.0,0.0,4.8195,260.6814,2.2134,30.6663,0.0,0.0,98.577,0.8370000000000000,11.5965,0.0,0.0,45.2724,627.2418,0.0,0.0,5.3258,0.0,0.0,0.0,0.0,0.0,1
1.5172,13.38,3.5,1.15,72.85,0.5,8.43,0.0,0.0,20.300136000000000,5.3102,1.74478,110.52802,0.7586,12.789996,0.0,0.0,46.830000000000000,15.387,974.733,6.69,112.7934,0.0,0.0,4.0250000000000000,254.97500000000000,1.75,29.505,0.0,0.0,83.77750000000000,0.575,9.6945,0.0,0.0,36.425,614.1255,0.0,0.0,4.215,0.0,0.0,0.0,0.0,0.0,1
1.51764,12.98,3.54,1.21,73.0,0.65,8.53,0.0,0.0,19.698967200000000,5.372445600000000,1.8363444,110.78772000000000,0.9864660000000000,12.9454692,0.0,0.0,45.949200000000000,15.7058,947.5400000000000,8.437000000000000,110.7194,0.0,0.0,4.2834,258.42,2.301,30.196200000000000,0.0,0.0,88.33,0.7865,10.321300000000000,0.0,0.0,47.45,622.6900000000000,0.0,0.0,5.5445,0.0,0.0,0.0,0.0,0.0,1
1.51793,13.21,3.48,1.41,72.64,0.59,8.43,0.0,0.0,20.0518553,5.2823964,2.1402813,110.2624352,0.8955787,12.7961499,0.0,0.0,45.970800000000000,18.6261,959.5744000000000,7.7939,111.36030000000000,0.0,0.0,4.9068,252.7872,2.0532,29.336400000000000,0.0,0.0,102.4224,0.8319000000000000,11.886300000000000,0.0,0.0,42.8576,612.3552,0.0,0.0,4.9737,0.0,0.0,0.0,0.0,0.0,1
1.51721,12.87,3.48,1.33,73.04,0.56,8.43,0.0,0.0,19.5264927,5.2798908000000000,2.0178893,110.81701840000000,0.8496376000000000,12.7900803,0.0,0.0,44.7876,17.1171,940.0248,7.2072,108.49410000000000,0.0,0.0,4.6284,254.1792,1.9488,29.336400000000000,0.0,0.0,97.14320000000000,0.7448000000000000,11.2119,0.0,0.0,40.90240000000000,615.7272,0.0,0.0,4.7208000000000000,0.0,0.0,0.0,0.0,0.0,1
1.51768,12.56,3.52,1.43,73.15,0.57,8.54,0.0,0.0,19.0620608,5.3422336,2.1702824000000000,111.018292,0.8650776000000000,12.960987200000000,0.0,0.0,44.211200000000000,17.9608,918.7640000000000,7.159200000000000,107.2624,0.0,0.0,5.0336,257.488,2.0064000000000000,30.060800000000000,0.0,0.0,104.6045,0.8151000000000000,12.212200000000000,0.0,0.0,41.6955,624.701,0.0,0.0,4.867800000000000,0.0,0.0,0.0,0.0,0.0,1
1.51784,13.08,3.49,1.28,72.86,0.6,8.49,0.0,0.0,19.8533472,5.297261600000000,1.9428352000000000,110.5898224,0.910704,12.8864616,0.0,0.0,45.6492,16.7424,953.0088,7.848,111.0492,0.0,0.0,4.4672,254.28140000000000,2.094,29.630100000000000,0.0,0.0,93.2608,0.768,10.8672,0.0,0.0,43.716,618.5814,0.0,0.0,5.094,0.0,0.0,0.0,0.0,0.0,1
1.51768,12.65,3.56,1.3,73.08,0.61,8.69,0.0,0.14,19.198652,5.4029408,1.972984,110.91205440000000,0.9257848,13.188639200000000,0.0,0.2124752,45.034,16.445,924.462,7.7165,109.9285,0.0,1.7710000000000000,4.628,260.1648,2.1716,30.9364,0.0,0.49840000000000000,95.004,0.793,11.297,0.0,0.18200000000000000,44.5788,635.0652,0.0,10.231200000000000,5.3009000000000000,0.0,0.0854,0.0,1.2166000000000000,0.0,1
1.51747,12.84,3.5,1.14,73.27,0.56,8.55,0.0,0.0,19.4843148,5.311145000000000,1.7299158,111.1850269,0.8497832000000000,12.974368500000000,0.0,0.0,44.94,14.637600000000000,940.7868,7.1904,109.78200000000000,0.0,0.0,3.9900000000000000,256.445,1.9600000000000000,29.925000000000000,0.0,0.0,83.52780000000000,0.6384,9.747,0.0,0.0,41.0312,626.4585000000000,0.0,0.0,4.788000000000000,0.0,0.0,0.0,0.0,0.0,1
1.51775,12.85,3.48,1.23,72.97,0.61,8.56,0.09,0.22,19.5030875,5.28177,1.8668325,110.75021750000000,0.9258275000000000,12.99194,0.13659750000000000,0.333905,44.718000000000000,15.805500000000000,937.6645,7.8385,109.99600000000000,1.1565000000000000,2.827,4.2804,253.9356,2.1228,29.788800000000000,0.3132,0.7656,89.7531,0.7503,10.5288,0.11070000000000000,0.2706,44.5117,624.6232,6.5673000000000000,16.0534,5.2216000000000000,0.0549,0.13420000000000000,0.7704,1.8832000000000000,0.019800000000000000,1
1.51753,12.57,3.47,1.38,73.39,0.6,8.55,0.0,0.06,19.0753521,5.2658291,2.0941914000000000,111.3715267,0.9105180000000000,12.974881500000000,0.0,0.0910518,43.617900000000000,17.3466,922.5123,7.542,107.47350000000000,0.0,0.7542,4.7886,254.66330000000000,2.082,29.668500000000000,0.0,0.2082,101.2782,0.828,11.799,0.0,0.08280000000000000,44.034,627.4845,0.0,4.4034000000000000,5.13,0.0,0.036,0.0,0.513,0.0,1
1.51783,12.69,3.54,1.34,72.95,0.57,8.75,0.0,0.0,19.2612627,5.3731182,2.0338922,110.72569850000000,0.8651631,13.2810125,0.0,0.0,44.922600000000000,17.0046,925.7355,7.233300000000000,111.0375,0.0,0.0,4.743600000000000,258.243,2.0178,30.975,0.0,0.0,97.75300000000000,0.7638,11.725000000000000,0.0,0.0,41.5815,638.3125,0.0,0.0,4.9875,0.0,0.0,0.0,0.0,0.0,1
1.51567,13.29,3.45,1.21,72.74,0.56,8.57,0.0,0.0,20.1432543,5.2290615,1.8339607,110.2498358,0.8487752000000000,12.989291900000000,0.0,0.0,45.8505,16.0809,966.7146000000000,7.4424,113.89530000000000,0.0,0.0,4.1745,250.953,1.9320000000000000,29.5665,0.0,0.0,88.01540000000000,0.6776000000000000,10.3697,0.0,0.0,40.7344,623.3818,0.0,0.0,4.799200000000000,0.0,0.0,0.0,0.0,0.0,1
1.51909,13.89,3.53,1.32,71.81,0.51,8.78,0.11,0.0,21.1001601,5.3623877,2.0051988,109.0858529,0.7747359,13.3376102,0.1670999,0.0,49.0317,18.3348,997.4409,7.083900000000000,121.9542,1.5279,0.0,4.6596,253.4893,1.8003,30.993400000000000,0.3883,0.0,94.78920000000000,0.6732,11.589600000000000,0.1452,0.0,36.6231,630.4918,7.899100000000000,0.0,4.477800000000000,0.056100000000000000,0.0,0.9658000000000000,0.0,0.0,1
1.51797,12.74,3.48,1.35,72.96,0.64,8.68,0.0,0.0,19.3389378,5.2825356,2.0492595000000000,110.75109120000000,0.9715008,13.1759796,0.0,0.0,44.3352,17.199,929.5104000000000,8.1536,110.5832,0.0,0.0,4.698,253.90080000000000,2.2272,30.2064,0.0,0.0,98.496,0.8640000000000000,11.718,0.0,0.0,46.694400000000000,633.2928000000000,0.0,0.0,5.5552,0.0,0.0,0.0,0.0,0.0,1
1.52213,14.21,3.82,0.47,71.77,0.11,9.57,0.0,0.0,21.6294673,5.814536600000000,0.7154011000000000,109.24327010000000,0.1674343,14.5667841,0.0,0.0,54.2822,6.6787,1019.8517,1.5631000000000000,135.9897,0.0,0.0,1.7954000000000000,274.16140000000000,0.42020000000000000,36.5574,0.0,0.0,33.731900000000000,0.051700000000000000,4.4979,0.0,0.0,7.894700000000000,686.8389,0.0,0.0,1.0527,0.0,0.0,0.0,0.0,0.0,1
1.52213,14.21,3.82,0.47,71.77,0.11,9.57,0.0,0.0,21.6294673,5.814536600000000,0.7154011000000000,109.24327010000000,0.1674343,14.5667841,0.0,0.0,54.2822,6.6787,1019.8517,1.5631000000000000,135.9897,0.0,0.0,1.7954000000000000,274.16140000000000,0.42020000000000000,36.5574,0.0,0.0,33.731900000000000,0.051700000000000000,4.4979,0.0,0.0,7.894700000000000,686.8389,0.0,0.0,1.0527,0.0,0.0,0.0,0.0,0.0,1
1.51793,12.79,3.5,1.12,73.03,0.64,8.77,0.0,0.0,19.414324700000000,5.312755,1.7000816,110.8544279,0.9714752,13.3122461,0.0,0.0,44.765,14.3248,934.0537000000000,8.185600000000000,112.16830000000000,0.0,0.0,3.9200000000000000,255.60500000000000,2.24,30.695,0.0,0.0,81.79360000000000,0.7168000000000000,9.8224,0.0,0.0,46.739200000000000,640.4731000000000,0.0,0.0,5.6128,0.0,0.0,0.0,0.0,0.0,1
1.51755,12.71,3.42,1.2,73.2,0.59,8.64,0.0,0.0,19.2880605,5.190021,1.82106,111.08466,0.8953545000000000,13.111632,0.0,0.0,43.4682,15.252,930.3720000000000,7.4989,109.81440000000000,0.0,0.0,4.104,250.344,2.0178,29.5488,0.0,0.0,87.84,0.708,10.368,0.0,0.0,43.188,632.4480000000000,0.0,0.0,5.0976,0.0,0.0,0.0,0.0,0.0,1
1.51779,13.21,3.39,1.33,72.76,0.59,8.59,0.0,0.0,20.050005900000000,5.1453081,2.0186607,110.4344004,0.8954961000000000,13.037816100000000,0.0,0.0,44.78190000000000,17.569300000000000,961.1596000000000,7.7939,113.4739,0.0,0.0,4.5087,246.65640000000000,2.0001000000000000,29.1201,0.0,0.0,96.77080000000000,0.7847,11.4247,0.0,0.0,42.9284,625.0084,0.0,0.0,5.068100000000000,0.0,0.0,0.0,0.0,0.0,1
1.5221,13.73,3.84,0.72,71.76,0.17,9.74,0.0,0.0,20.898433,5.844864000000000,1.095912,109.225896,0.258757,14.825254000000000,0.0,0.0,52.7232,9.8856,985.2648000000000,2.3341000000000000,133.7302,0.0,0.0,2.7648000000000000,275.5584,0.6528,37.4016,0.0,0.0,51.6672,0.12240000000000000,7.0128000000000000,0.0,0.0,12.199200000000000,698.9424,0.0,0.0,1.6558000000000000,0.0,0.0,0.0,0.0,0.0,1
1.51786,12.73,3.43,1.19,72.95,0.62,8.76,0.0,0.3,19.3223578,5.2062598,1.8062534,110.72788700000000,0.9410732000000000,13.2964536,0.0,0.455358,43.663900000000000,15.1487,928.6535000000000,7.8926,111.5148,0.0,3.819,4.0817,250.21850000000000,2.1266000000000000,30.0468,0.0,1.029,86.8105,0.7378,10.424400000000000,0.0,0.357,45.229,639.042,0.0,21.885,5.4312,0.0,0.186,0.0,2.6280000000000000,0.0,1
1.519,13.49,3.48,1.35,71.95,0.55,9.0,0.0,0.0,20.49131,5.2861200000000000,2.05065,109.29205,0.83545,13.671,0.0,0.0,46.9452,18.2115,970.6055,7.419500000000000,121.41,0.0,0.0,4.698,250.386,1.9140000000000000,31.32,0.0,0.0,97.13250000000000,0.7425000000000000,12.15,0.0,0.0,39.572500000000000,647.5500000000000,0.0,0.0,4.95,0.0,0.0,0.0,0.0,0.0,1
1.51869,13.19,3.37,1.18,72.72,0.57,8.83,0.0,0.16,20.0315211,5.117985300000000,1.7920542,110.4391368,0.8656533,13.4100327,0.0,0.24299040000000000,44.4503,15.564200000000000,959.1768,7.518300000000000,116.4677,0.0,2.1104,3.9766,245.06640000000000,1.9209000000000000,29.7571,0.0,0.5392,85.80960000000000,0.6726000000000000,10.4194,0.0,0.1888,41.450400000000000,642.1176,0.0,11.6352,5.033100000000000,0.0,0.09120000000000000,0.0,1.4128,0.0,1
1.52667,13.99,3.7,0.71,71.57,0.02,9.82,0.0,0.1,21.3581133,5.6486790000000000,1.0839357000000000,109.26377190000000,0.0305334,14.9918994,0.0,0.152667,51.763000000000000,9.9329,1001.2643000000000,0.2798,137.3818,0.0,1.399,2.627,264.80900000000000,0.07400000000000000,36.334,0.0,0.37000000000000000,50.814700000000000,0.014200000000000000,6.9722,0.0,0.071,1.4314000000000000,702.8174000000000,0.0,7.157,0.19640000000000000,0.0,0.002,0.0,0.9820000000000000,0.0,1
1.52223,13.21,3.77,0.79,71.99,0.13,10.02,0.0,0.0,20.108658300000000,5.7388071,1.2025617,109.5853377,0.1978899,15.2527446,0.0,0.0,49.801700000000000,10.435900000000000,950.9879,1.7173000000000000,132.3642,0.0,0.0,2.9783,271.40230000000000,0.49010000000000000,37.7754,0.0,0.0,56.872100000000000,0.10270000000000000,7.9158,0.0,0.0,9.358700000000000,721.3398,0.0,0.0,1.3026,0.0,0.0,0.0,0.0,0.0,1
1.51898,13.58,3.35,1.23,72.08,0.59,8.91,0.0,0.0,20.6277484,5.088583,1.8683454,109.48807840000000,0.8961982,13.5341118,0.0,0.0,45.493,16.7034,978.8464,8.0122,120.9978,0.0,0.0,4.1205,241.468,1.9765,29.8485,0.0,0.0,88.6584,0.7257000000000000,10.9593,0.0,0.0,42.52720000000000,642.2328,0.0,0.0,5.2569,0.0,0.0,0.0,0.0,0.0,1
1.5232,13.72,3.72,0.51,71.75,0.09,10.06,0.0,0.16,20.898304000000000,5.666304000000000,0.7768320000000000,109.28960000000000,0.13708800000000000,15.323392000000000,0.0,0.243712,51.0384,6.9972,984.4100000000000,1.2348000000000000,138.0232,0.0,2.1952000000000000,1.8972000000000000,266.91,0.3348,37.4232,0.0,0.5952000000000000,36.5925,0.045900000000000000,5.1306,0.0,0.0816,6.4575,721.8050000000000,0.0,11.48,0.9054,0.0,0.0144,0.0,1.6096000000000000,0.0,1
1.51926,13.2,3.33,1.28,72.36,0.6,9.14,0.0,0.11,20.054232,5.0591358,1.9446528,109.9336536,0.911556,13.886036400000000,0.0,0.1671186,43.956000000000000,16.896,955.1520000000000,7.920000000000000,120.648,0.0,1.452,4.2624,240.9588,1.998,30.436200000000000,0.0,0.3663,92.6208,0.768,11.699200000000000,0.0,0.1408,43.416,661.3704,0.0,7.9596,5.484,0.0,0.066,0.0,1.0054,0.0,1
1.51808,13.43,2.87,1.19,72.84,0.55,9.03,0.0,0.0,20.3878144,4.356889600000000,1.8065152,110.5769472,0.8349440000000000,13.7082624,0.0,0.0,38.5441,15.981700000000000,978.2412,7.386500000000000,121.27290000000000,0.0,0.0,3.4153,209.0508,1.5785000000000000,25.9161,0.0,0.0,86.6796,0.6545,10.7457,0.0,0.0,40.062000000000000,657.7452,0.0,0.0,4.9665,0.0,0.0,0.0,0.0,0.0,1
1.51837,13.14,2.84,1.28,72.85,0.55,9.07,0.0,0.0,19.9513818,4.3121708,1.9435136,110.6132545,0.8351035000000000,13.7716159,0.0,0.0,37.3176,16.819200000000000,957.2490000000000,7.227000000000000,119.17980000000000,0.0,0.0,3.6352000000000000,206.89400000000000,1.562,25.7588,0.0,0.0,93.24800000000000,0.7040000000000000,11.6096,0.0,0.0,40.0675,660.7495,0.0,0.0,4.9885,0.0,0.0,0.0,0.0,0.0,1
1.51778,13.21,2.81,1.29,72.98,0.51,9.02,0.0,0.09,20.0498738,4.2649618,1.9579362,110.7675844,0.7740678,13.690375600000000,0.0,0.13660020000000000,37.1201,17.0409,964.0658000000000,6.737100000000000,119.1542,0.0,1.1889,3.6249000000000000,205.0738,1.4331,25.3462,0.0,0.2529,94.14420000000000,0.6579,11.6358,0.0,0.1161,37.2198,658.2796,0.0,6.5682,4.6002,0.0,0.045900000000000000,0.0,0.8118,0.0,1
1.51769,12.45,2.71,1.29,73.7,0.56,9.06,0.0,0.24,18.8952405,4.1129399,1.9578201,111.853753,0.8499064000000000,13.7502714,0.0,0.3642456,33.7395,16.0605,917.5650000000000,6.972,112.797,0.0,2.9880000000000000,3.4959000000000000,199.727,1.5176,24.5526,0.0,0.6504,95.07300000000000,0.7224,11.6874,0.0,0.3096,41.272000000000000,667.7220000000000,0.0,17.688,5.073600000000000,0.0,0.13440000000000000,0.0,2.1744,0.0,1
1.51215,12.99,3.47,1.12,72.98,0.62,8.35,0.0,0.31,19.6428285,5.247160500000000,1.6936080000000000,110.35670700000000,0.9375330000000000,12.626452500000000,0.0,0.46876650000000000,45.075300000000000,14.548800000000000,948.0102,8.0538,108.4665,0.0,4.0269,3.8864000000000000,253.24060000000000,2.1514,28.9745,0.0,1.0757,81.73760000000000,0.6944,9.352,0.0,0.3472,45.247600000000000,609.383,0.0,22.623800000000000,5.177,0.0,0.1922,0.0,2.5885,0.0,1
1.51824,12.87,3.48,1.29,72.95,0.6,8.43,0.0,0.0,19.539748800000000,5.2834752,1.9585296,110.75560800000000,0.910944,12.7987632,0.0,0.0,44.7876,16.6023,938.8665,7.7220000000000000,108.49410000000000,0.0,0.0,4.4892,253.866,2.088,29.336400000000000,0.0,0.0,94.1055,0.774,10.8747,0.0,0.0,43.77,614.9685,0.0,0.0,5.058,0.0,0.0,0.0,0.0,0.0,1
1.51754,13.48,3.74,1.17,72.99,0.59,8.03,0.0,0.0,20.4564392,5.6755996,1.7755218000000000,110.76524460000000,0.8953486000000000,12.185846200000000,0.0,0.0,50.415200000000000,15.7716,983.9052000000000,7.9532,108.2444,0.0,0.0,4.3758,272.9826,2.2066,30.0322,0.0,0.0,85.39830000000000,0.6903000000000000,9.3951,0.0,0.0,43.064100000000000,586.1097000000000,0.0,0.0,4.737700000000000,0.0,0.0,0.0,0.0,0.0,1
1.51754,13.39,3.66,1.19,72.79,0.57,8.27,0.0,0.11,20.3198606,5.5541964000000000,1.8058726000000000,110.4617366,0.8649978000000000,12.550055800000000,0.0,0.16692940000000000,49.007400000000000,15.9341,974.6581000000000,7.6323,110.7353,0.0,1.4729,4.3554,266.4114,2.0862,30.2682,0.0,0.4026,86.62010000000000,0.6783000000000000,9.841300000000000,0.0,0.1309,41.4903,601.9733,0.0,8.0069,4.7139,0.0,0.06270000000000000,0.0,0.9097,0.0,1
1.51905,13.6,3.62,1.11,72.64,0.14,8.76,0.0,0.0,20.65908,5.498961,1.6861455,110.34379200000000,0.21266700000000000,13.306878,0.0,0.0,49.232,15.096,987.904,1.9040000000000000,119.136,0.0,0.0,4.0182,262.9568,0.5068,31.7112,0.0,0.0,80.63040000000000,0.15540000000000000,9.723600000000000,0.0,0.0,10.1696,636.3264,0.0,0.0,1.2264000000000000,0.0,0.0,0.0,0.0,0.0,1
1.51977,13.81,3.58,1.32,71.72,0.12,8.67,0.69,0.0,20.988023700000000,5.4407766,2.0060964,108.9979044,0.1823724,13.1764059,1.0486413000000000,0.0,49.439800000000000,18.229200000000000,990.4532,1.6572,119.73270000000000,9.5289,0.0,4.7256,256.7576,0.4296,31.0386,2.4702000000000000,0.0,94.6704,0.1584,11.4444,0.9108000000000000,0.0,8.606400000000000,621.8124,49.486800000000000,0.0,1.0404,0.08280000000000000,0.0,5.9823000000000000,0.0,0.0,1
1.52172,13.51,3.86,0.88,71.79,0.23,9.54,0.0,0.11,20.5584372,5.8738392,1.3391136,109.2442788,0.3499956,14.517208800000000,0.0,0.1673892,52.148600000000000,11.8888,969.8829000000000,3.1073,128.88540000000000,0.0,1.4861,3.3968,277.1094,0.8878,36.8244,0.0,0.4246,63.175200000000000,0.2024,8.395200000000000,0.0,0.0968,16.5117,684.8766,0.0,7.8969000000000000,2.1942,0.0,0.0253,0.0,1.0494000000000000,0.0,1
1.52227,14.17,3.81,0.78,71.35,0.0,9.69,0.0,0.0,21.5705659,5.7998487,1.1873706,108.6139645,0.0,14.7507963,0.0,0.0,53.987700000000000,11.0526,1011.0295000000000,0.0,137.3073,0.0,0.0,2.9718,271.8435,0.0,36.9189,0.0,0.0,55.653,0.0,7.5582,0.0,0.0,0.0,691.3815,0.0,0.0,0.0,0.0,0.0,0.0,0.0,0.0,1
1.52172,13.48,3.74,0.9,72.01,0.18,9.61,0.0,0.07,20.5127856,5.6912328,1.369548,109.57905720000000,0.2739096,14.6237292,0.0,0.1065204,50.415200000000000,12.132000000000000,970.6948000000000,2.4264,129.5428,0.0,0.9436000000000000,3.366,269.3174,0.6732,35.9414,0.0,0.26180000000000000,64.80900000000000,0.162,8.649,0.0,0.06300000000000000,12.9618,692.0161,0.0,5.040700000000000,1.7298000000000000,0.0,0.0126,0.0,0.6727000000000000,0.0,1
1.52099,13.69,3.59,1.12,71.96,0.09,9.4,0.0,0.0,20.8223531,5.4603541,1.7035088000000000,109.45044040000000,0.1368891,14.297306,0.0,0.0,49.147100000000000,15.3328,985.1324000000000,1.2321,128.686,0.0,0.0,4.0208,258.33640000000000,0.3231,33.746,0.0,0.0,80.5952,0.1008,10.528000000000000,0.0,0.0,6.476400000000000,676.424,0.0,0.0,0.846,0.0,0.0,0.0,0.0,0.0,1
1.52152,13.05,3.65,0.87,72.22,0.19,9.85,0.0,0.17,19.855836,5.553548,1.3237224,109.88417440000000,0.2890888,14.986972,0.0,0.2586584,47.6325,11.3535,942.471,2.4795000000000000,128.5425,0.0,2.2185,3.1755,263.603,0.6935,35.9525,0.0,0.6205,62.8314,0.1653,8.5695,0.0,0.1479,13.7218,711.367,0.0,12.2774,1.8715,0.0,0.0323,0.0,1.6745,0.0,1
1.52152,13.05,3.65,0.87,72.32,0.19,9.85,0.0,0.17,19.855836,5.553548,1.3237224,110.0363264,0.2890888,14.986972,0.0,0.2586584,47.6325,11.3535,943.776,2.4795000000000000,128.5425,0.0,2.2185,3.1755,263.96800000000000,0.6935,35.9525,0.0,0.6205,62.91840000000000,0.1653,8.5695,0.0,0.1479,13.740800000000000,712.3520000000000,0.0,12.2944,1.8715,0.0,0.0323,0.0,1.6745,0.0,1
1.52152,13.12,3.58,0.9,72.2,0.23,9.82,0.0,0.16,19.962342400000000,5.4470416,1.369368,109.853744,0.3499496,14.9413264,0.0,0.2434432,46.9696,11.808,947.264,3.0176,128.8384,0.0,2.0992000000000000,3.222,258.476,0.8234,35.1556,0.0,0.5728,64.98,0.20700000000000000,8.838000000000000,0.0,0.14400000000000000,16.606,709.004,0.0,11.552000000000000,2.2586000000000000,0.0,0.0368,0.0,1.5712000000000000,0.0,1
1.523,13.31,3.58,0.82,71.99,0.12,10.17,0.0,0.03,20.27113,5.4523400000000000,1.2488600000000000,109.64077000000000,0.18276000000000000,15.488910000000000,0.0,0.045690000000000000,47.649800000000000,10.9142,958.1869000000000,1.5972,135.36270000000000,0.0,0.3993,2.9356,257.7242,0.4296,36.4086,0.0,0.1074,59.03180000000000,0.09840000000000000,8.3394,0.0,0.024600000000000000,8.6388,732.1383,0.0,2.1597,1.2204,0.0,0.0036,0.0,0.3051,0.0,1
1.51574,14.86,3.67,1.74,71.87,0.16,7.36,0.0,0.12,22.5238964,5.5627658,2.6373876000000000,108.93623380000000,0.24251840000000000,11.155846400000000,0.0,0.18188880000000000,54.536200000000000,25.856400000000000,1067.9882,2.3776,109.3696,0.0,1.7832,6.3858,263.7629,0.5872,27.011200000000000,0.0,0.44040000000000000,125.05380000000000,0.2784,12.8064,0.0,0.20880000000000000,11.4992,528.9632,0.0,8.6244,1.1776,0.0,0.0192,0.0,0.8832,0.0,2
1.51848,13.64,3.87,1.27,71.96,0.54,8.32,0.0,0.32,20.7120672,5.876517600000000,1.9284696000000000,109.26982080000000,0.8199792000000000,12.6337536,0.0,0.4859136,52.78680000000000,17.3228,981.5344,7.365600000000000,113.4848,0.0,4.364800000000000,4.9149,278.48520000000000,2.0898000000000000,32.1984,0.0,1.2384000000000000,91.38920000000000,0.6858000000000000,10.5664,0.0,0.40640000000000000,38.858400000000000,598.7072,0.0,23.027200000000000,4.492800000000000,0.0,0.1728,0.0,2.6624000000000000,0.0,2
1.51593,13.09,3.59,1.52,73.1,0.67,7.83,0.0,0.0,19.8435237,5.4421887,2.3042136,110.814483,1.0156731,11.8697319,0.0,0.0,46.9931,19.8968,956.8790000000000,8.7703,102.4947,0.0,0.0,5.456800000000000,262.429,2.4053,28.1097,0.0,0.0,111.112,1.0184,11.9016,0.0,0.0,48.977,572.3730000000000,0.0,0.0,5.2461,0.0,0.0,0.0,0.0,0.0,2
1.51631,13.34,3.57,1.57,72.87,0.61,7.89,0.0,0.0,20.2275754,5.4132267,2.3806067,110.4935097,0.9249491,11.9636859,0.0,0.0,47.623800000000000,20.9438,972.0858000000000,8.1374,105.2526,0.0,0.0,5.6049,260.1459,2.1777000000000000,28.167300000000000,0.0,0.0,114.40590000000000,0.9577,12.3873,0.0,0.0,44.450700000000000,574.9443,0.0,0.0,4.8129,0.0,0.0,0.0,0.0,0.0,2
1.51596,13.02,3.56,1.54,73.11,0.72,7.9,0.0,0.0,19.737799200000000,5.3968176,2.3345784,110.83183560000000,1.0914912000000000,11.976084,0.0,0.0,46.3512,20.0508,951.8922,9.3744,102.858,0.0,0.0,5.4824,260.2716,2.5632,28.124000000000000,0.0,0.0,112.5894,1.1088,12.166,0.0,0.0,52.639200000000000,577.5690000000000,0.0,0.0,5.688,0.0,0.0,0.0,0.0,0.0,2
1.5159,13.02,3.58,1.51,73.12,0.69,7.96,0.0,0.0,19.737018,5.426922,2.289009,110.84260800000000,1.045971,12.066564,0.0,0.0,46.6116,19.6602,952.0224000000000,8.983800000000000,103.6392,0.0,0.0,5.4058,261.7696,2.4702000000000000,28.4968,0.0,0.0,110.41120000000000,1.0419000000000000,12.0196,0.0,0.0,50.452800000000000,582.0352,0.0,0.0,5.4924,0.0,0.0,0.0,0.0,0.0,2
1.51645,13.44,3.61,1.54,72.39,0.66,8.03,0.0,0.0,20.381088000000000,5.4743845,2.3353330000000000,109.77581550000000,1.000857,12.1770935,0.0,0.0,48.5184,20.6976,972.9216,8.8704,107.9232,0.0,0.0,5.5594,261.3279,2.3826,28.988300000000000,0.0,0.0,111.48060000000000,1.0164,12.3662,0.0,0.0,47.7774,581.2917,0.0,0.0,5.299800000000000,0.0,0.0,0.0,0.0,0.0,2
1.51627,13.0,3.58,1.54,72.83,0.61,8.04,0.0,0.0,19.71151,5.4282466000000000,2.3350558,110.4299441,0.9249247000000000,12.1908108,0.0,0.0,46.54,20.02,946.79,7.93,104.52000000000000,0.0,0.0,5.5132,260.7314,2.1838,28.783200000000000,0.0,0.0,112.1582,0.9394,12.381600000000000,0.0,0.0,44.4263,585.5532,0.0,0.0,4.904400000000000,0.0,0.0,0.0,0.0,0.0,2
1.51613,13.92,3.52,1.25,72.88,0.37,7.94,0.0,0.14,21.1045296,5.3367776,1.8951625,110.49555440000000,0.5609681,12.0380722,0.0,0.2122582,48.9984,17.4,1014.4896000000000,5.1504,110.5248,0.0,1.9488,4.4,256.5376,1.3024,27.948800000000000,0.0,0.49280000000000000,91.1,0.4625,9.925,0.0,0.17500000000000000,26.9656,578.6672,0.0,10.2032,2.9378,0.0,0.051800000000000000,0.0,1.1116000000000000,0.0,2
1.5159,12.82,3.52,1.9,72.86,0.69,7.97,0.0,0.0,19.433838,5.335968,2.88021,110.448474,1.045971,12.081723,0.0,0.0,45.126400000000000,24.358,934.0652,8.845800000000000,102.1754,0.0,0.0,6.688,256.4672,2.4288,28.054400000000000,0.0,0.0,138.434,1.311,15.143000000000000,0.0,0.0,50.273400000000000,580.6942,0.0,0.0,5.499300000000000,0.0,0.0,0.0,0.0,0.0,2
1.51592,12.86,3.52,2.12,72.66,0.69,7.97,0.0,0.0,19.494731200000000,5.3360384,3.2137504,110.1467472,1.0459848000000000,12.0818824,0.0,0.0,45.267200000000000,27.2632,934.4076000000000,8.873400000000000,102.49420000000000,0.0,0.0,7.462400000000000,255.76320000000000,2.4288,28.054400000000000,0.0,0.0,154.0392,1.4628000000000000,16.8964,0.0,0.0,50.1354,579.1002,0.0,0.0,5.499300000000000,0.0,0.0,0.0,0.0,0.0,2
1.51593,13.25,3.45,1.43,73.17,0.61,7.86,0.0,0.0,20.0860725,5.2299585,2.1677799000000000,110.9205981,0.9247173,11.915209800000000,0.0,0.0,45.712500000000000,18.947500000000000,969.5025,8.0825,104.14500000000000,0.0,0.0,4.9335,252.43650000000000,2.1045000000000000,27.117,0.0,0.0,104.6331,0.8723,11.2398,0.0,0.0,44.6337,575.1162,0.0,0.0,4.7946,0.0,0.0,0.0,0.0,0.0,2
1.51646,13.41,3.55,1.25,72.81,0.68,8.1,0.0,0.0,20.3357286,5.383433000000000,1.895575,110.4134526,1.0311928,12.283326000000000,0.0,0.0,47.6055,16.7625,976.3821,9.1188,108.621,0.0,0.0,4.4375,258.4755,2.414,28.755,0.0,0.0,91.0125,0.8500000000000000,10.125,0.0,0.0,49.5108,589.761,0.0,0.0,5.508,0.0,0.0,0.0,0.0,0.0,2
1.51594,13.09,3.52,1.55,72.87,0.68,8.05,0.0,0.09,19.8436546,5.3361088,2.349707,110.46654780000000,1.0308392000000000,12.203317000000000,0.0,0.1364346,46.0768,20.2895,953.8683000000000,8.901200000000000,105.37450000000000,0.0,1.1781,5.456,256.5024,2.3936,28.336000000000000,0.0,0.31680000000000000,112.94850000000000,1.054,12.477500000000000,0.0,0.13950000000000000,49.55160000000000,586.6035,0.0,6.5583,5.474000000000000,0.0,0.061200000000000000,0.0,0.7245,0.0,2
1.51409,14.25,3.09,2.08,72.28,1.1,7.08,0.0,0.0,21.5757825,4.6785381,3.1493072,109.4384252,1.665499,10.7197572,0.0,0.0,44.0325,29.64,1029.99,15.675,100.89,0.0,0.0,6.4272,223.3452,3.399,21.8772,0.0,0.0,150.3424,2.2880000000000000,14.7264,0.0,0.0,79.50800000000000,511.74240000000000,0.0,0.0,7.788000000000000,0.0,0.0,0.0,0.0,0.0,2
1.51625,13.36,3.58,1.49,72.72,0.45,8.21,0.0,0.0,20.2571,5.428175,2.2592125000000000,110.2617,0.6823125000000000,12.448412500000000,0.0,0.0,47.8288,19.906400000000000,971.5392000000000,6.012,109.68560000000000,0.0,0.0,5.3342,260.3376,1.611,29.391800000000000,0.0,0.0,108.3528,0.6705,12.2329,0.0,0.0,32.724000000000000,597.0312,0.0,0.0,3.6945000000000000,0.0,0.0,0.0,0.0,0.0,2
1.51569,13.24,3.49,1.47,73.25,0.38,8.03,0.0,0.0,20.0677356,5.2897581,2.2280643000000000,111.0242925,0.5759622,12.170990700000000,0.0,0.0,46.207600000000000,19.4628,969.83,5.0312,106.3172,0.0,0.0,5.1303,255.6425,1.3262,28.0247,0.0,0.0,107.6775,0.5586,11.804100000000000,0.0,0.0,27.835,588.1975,0.0,0.0,3.0514000000000000,0.0,0.0,0.0,0.0,0.0,2
1.51645,13.4,3.49,1.52,72.65,0.67,8.08,0.0,0.1,20.32043,5.292410500000000,2.3050040000000000,110.17009250000000,1.0160215000000000,12.252916,0.0,0.15164500000000000,46.766000000000000,20.368000000000000,973.5100000000000,8.978000000000000,108.272,0.0,1.34,5.3048,253.54850000000000,2.3383000000000000,28.1992,0.0,0.34900000000000000,110.42800000000000,1.0184,12.281600000000000,0.0,0.15200000000000000,48.67550000000000,587.0120000000000,0.0,7.265000000000000,5.413600000000000,0.0,0.067,0.0,0.808,0.0,2
1.51618,13.01,3.5,1.48,72.89,0.6,8.12,0.0,0.0,19.7255018,5.30663,2.2439464,110.51436020000000,0.909708,12.311381600000000,0.0,0.0,45.535,19.2548,948.2989,7.806000000000000,105.64120000000000,0.0,0.0,5.18,255.115,2.1,28.420000000000000,0.0,0.0,107.8772,0.888,12.017600000000000,0.0,0.0,43.734,591.8668000000000,0.0,0.0,4.872000000000000,0.0,0.0,0.0,0.0,0.0,2
1.5164,12.55,3.48,1.87,73.23,0.63,8.08,0.0,0.09,19.030820000000000,5.2770720000000000,2.835668,111.045972,0.955332,12.252512,0.0,0.136476,43.674,23.468500000000000,919.0365,7.9065,101.40400000000000,0.0,1.1295,6.5076,254.84040000000000,2.1924,28.1184,0.0,0.3132,136.9401,1.1781000000000000,15.1096,0.0,0.1683,46.1349,591.6984,0.0,6.5907,5.0904,0.0,0.0567,0.0,0.7272,0.0,2
1.51841,12.93,3.74,1.11,72.28,0.64,8.96,0.0,0.22,19.6330413,5.6788534,1.6854351000000000,109.7506748,0.9717824,13.604953600000000,0.0,0.3340502,48.358200000000000,14.352300000000000,934.5804000000000,8.2752,115.8528,0.0,2.8446,4.151400000000000,270.3272,2.3936,33.510400000000000,0.0,0.8228000000000000,80.2308,0.7104,9.945600000000000,0.0,0.24420000000000000,46.2592,647.6288000000000,0.0,15.9016,5.734400000000000,0.0,0.1408,0.0,1.9712000000000000,0.0,2
1.51605,12.9,3.44,1.45,73.06,0.44,8.27,0.0,0.0,19.557045,5.215212000000000,2.1982725,110.762613,0.6670620000000000,12.537733500000000,0.0,0.0,44.376,18.705,942.474,5.676,106.68300000000000,0.0,0.0,4.9880000000000000,251.3264,1.5136,28.4488,0.0,0.0,105.937,0.638,11.991500000000000,0.0,0.0,32.1464,604.2062,0.0,0.0,3.6388,0.0,0.0,0.0,0.0,0.0,2
1.51588,13.12,3.41,1.58,73.26,0.07,8.39,0.0,0.19,19.888345600000000,5.1691508,2.3950904,111.0533688,0.1061116,12.7182332,0.0,0.2880172,44.7392,20.7296,961.1712,0.9184,110.0768,0.0,2.4928,5.3878,249.81660000000000,0.23870000000000000,28.609900000000000,0.0,0.6479,115.75080000000000,0.11060000000000000,13.256200000000000,0.0,0.3002,5.1282000000000000,614.6514000000000,0.0,13.919400000000000,0.5873,0.0,0.013300000000000000,0.0,1.5941,0.0,2
1.5159,13.24,3.34,1.47,73.1,0.39,8.22,0.0,0.0,20.070516,5.063106000000000,2.228373,110.81229000000000,0.591201,12.460698,0.0,0.0,44.2216,19.4628,967.8440000000000,5.163600000000000,108.8328,0.0,0.0,4.9098,244.15400000000000,1.3026,27.454800000000000,0.0,0.0,107.457,0.5733,12.083400000000000,0.0,0.0,28.509,600.882,0.0,0.0,3.2058000000000000,0.0,0.0,0.0,0.0,0.0,2
1.51629,12.71,3.33,1.49,73.28,0.67,8.24,0.0,0.0,19.272045900000000,5.0492457,2.2592721,111.11373120000000,1.0159143,12.494229600000000,0.0,0.0,42.3243,18.937900000000000,931.3888000000000,8.5157,104.7304,0.0,0.0,4.9617,244.0224,2.2311,27.4392,0.0,0.0,109.1872,0.9983000000000000,12.2776,0.0,0.0,49.09760000000000,603.8272000000000,0.0,0.0,5.5208,0.0,0.0,0.0,0.0,0.0,2
1.5186,13.36,3.43,1.43,72.26,0.51,8.6,0.0,0.0,20.288496,5.208798,2.171598,109.734036,0.774486,13.059960000000000,0.0,0.0,45.8248,19.104800000000000,965.3936,6.8136,114.89600000000000,0.0,0.0,4.9049,247.85180000000000,1.7493,29.498,0.0,0.0,103.3318,0.7293,12.298000000000000,0.0,0.0,36.8526,621.436,0.0,0.0,4.386,0.0,0.0,0.0,0.0,0.0,2
1.51841,13.02,3.62,1.06,72.34,0.64,9.13,0.0,0.15,19.7696982,5.4966442,1.6095146,109.84177940000000,0.9717824,13.863083300000000,0.0,0.2277615,47.1324,13.8012,941.8668,8.3328,118.8726,0.0,1.9530000000000000,3.8372,261.87080000000000,2.3168,33.0506,0.0,0.543,76.6804,0.6784,9.677800000000000,0.0,0.159,46.2976,660.4642000000000,0.0,10.851,5.8432,0.0,0.096,0.0,1.3695000000000000,0.0,2
1.51743,12.2,3.25,1.16,73.55,0.62,8.9,0.0,0.24,18.512646,4.9316475,1.7602188000000000,111.6069765,0.9408066,13.505127000000000,0.0,0.3641832,39.65,14.152000000000000,897.31,7.564000000000000,108.58,0.0,2.928,3.7700000000000000,239.0375,2.015,28.925,0.0,0.78,85.318,0.7192,10.324,0.0,0.2784,45.601,654.595,0.0,17.652000000000000,5.518,0.0,0.1488,0.0,2.136,0.0,2
1.51689,12.67,2.88,1.71,73.21,0.73,8.54,0.0,0.0,19.2189963,4.3686432,2.5938819,111.0515169,1.1073297,12.954240600000000,0.0,0.0,36.489600000000000,21.6657,927.5707000000000,9.2491,108.20180000000000,0.0,0.0,4.924800000000000,210.84480000000000,2.1024,24.5952,0.0,0.0,125.18910000000000,1.2483,14.603400000000000,0.0,0.0,53.443300000000000,625.2134000000000,0.0,0.0,6.2342000000000000,0.0,0.0,0.0,0.0,0.0,2
1.51811,12.96,2.96,1.43,72.92,0.6,8.79,0.14,0.0,19.674705600000000,4.4936056,2.1708973,110.7005812,0.910866,13.344186900000000,0.21253540000000000,0.0,38.3616,18.5328,945.0432000000000,7.776,113.91840000000000,1.8144000000000000,0.0,4.2328,215.8432,1.776,26.018400000000000,0.41440000000000000,0.0,104.2756,0.858,12.569700000000000,0.20020000000000000,0.0,43.752,640.9668000000000,10.208800000000000,0.0,5.274000000000000,0.084,0.0,1.2306,0.0,0.0,2
1.51655,12.75,2.85,1.44,73.27,0.57,8.79,0.11,0.22,19.336012500000000,4.3221675,2.183832,111.11761850000000,0.8644335,13.3304745,0.1668205,0.333641,36.3375,18.36,934.1925,7.267500000000000,112.07250000000000,1.4025,2.805,4.104,208.8195,1.6245000000000000,25.051500000000000,0.3135,0.627,105.5088,0.8208000000000000,12.657600000000000,0.15840000000000000,0.31680000000000000,41.76390000000000,644.0433000000000,8.0597,16.1194,5.010300000000000,0.06270000000000000,0.12540000000000000,0.9669000000000000,1.9338000000000000,0.0242,2
1.5173,12.35,2.72,1.63,72.87,0.7,9.23,0.0,0.0,18.738655,4.1270560000000000,2.473199,110.56565100000000,1.0621100000000000,14.004679000000000,0.0,0.0,33.592,20.130500000000000,899.9445000000000,8.645,113.9905,0.0,0.0,4.4336,198.20640000000000,1.904,25.105600000000000,0.0,0.0,118.7781,1.1410000000000000,15.0449,0.0,0.0,51.009,672.5901000000000,0.0,0.0,6.461,0.0,0.0,0.0,0.0,0.0,2
1.5182,12.62,2.76,0.83,73.81,0.35,9.42,0.0,0.2,19.159684,4.190232,1.260106,112.058342,0.53137,14.301444,0.0,0.30364,34.831200000000000,10.474600000000000,931.4822000000000,4.417,118.8804,0.0,2.524,2.2908000000000000,203.7156,0.9660000000000000,25.9992,0.0,0.5520000000000000,61.262300000000000,0.2905,7.8186,0.0,0.166,25.8335,695.2902,0.0,14.762,3.2970000000000000,0.0,0.07000000000000000,0.0,1.8840000000000000,0.0,2
1.52725,13.8,3.15,0.66,70.57,0.08,11.64,0.0,0.0,21.076050000000000,4.8108375,1.0079850000000000,107.7780325,0.12218,17.77719,0.0,0.0,43.47,9.108,973.866,1.104,160.632,0.0,0.0,2.079,222.29550000000000,0.252,36.666000000000000,0.0,0.0,46.5762,0.05280000000000000,7.6824,0.0,0.0,5.6456,821.4348,0.0,0.0,0.9312,0.0,0.0,0.0,0.0,0.0,2
1.5241,13.83,2.9,1.17,71.15,0.08,10.79,0.0,0.0,21.078303000000000,4.41989,1.783197,108.439715,0.12192800000000000,16.445039000000000,0.0,0.0,40.107,16.1811,984.0045000000000,1.1064,149.2257,0.0,0.0,3.393,206.335,0.23200000000000000,31.291000000000000,0.0,0.0,83.2455,0.0936,12.624300000000000,0.0,0.0,5.692,767.7085,0.0,0.0,0.8632,0.0,0.0,0.0,0.0,0.0,2
1.52475,11.45,0.0,1.88,72.19,0.81,13.24,0.0,0.34,17.4583875,0.0,2.86653,110.0717025,1.2350475,20.18769,0.0,0.5184150000000000,0.0,21.526000000000000,826.5755000000000,9.2745,151.59800000000000,0.0,3.8930000000000000,0.0,0.0,0.0,0.0,0.0,0.0,135.7172,1.5228,24.891200000000000,0.0,0.6392,58.4739,955.7956,0.0,24.544600000000000,10.724400000000000,0.0,0.27540000000000000,0.0,4.501600000000000,0.0,2
1.53125,10.73,0.0,2.1,69.81,0.58,13.3,3.15,0.28,16.4303125,0.0,3.215625,106.8965625,0.8881250000000000,20.365625,4.8234375,0.42875,0.0,22.533,749.0613000000000,6.2234,142.709,33.7995,3.0044000000000000,0.0,0.0,0.0,0.0,0.0,0.0,146.601,1.218,27.930000000000000,6.615,0.5880000000000000,40.489800000000000,928.4730000000000,219.9015,19.5468,7.7140000000000000,1.8270000000000000,0.16240000000000000,41.895,3.7240000000000000,0.882,2
1.53393,12.3,0.0,1.0,70.16,0.12,16.19,0.0,0.24,18.867339,0.0,1.53393,107.6205288,0.1840716,24.834326700000000,0.0,0.3681432,0.0,12.3,862.968,1.476,199.13700000000000,0.0,2.952,0.0,0.0,0.0,0.0,0.0,0.0,70.16,0.12,16.19,0.0,0.24,8.4192,1135.8904,0.0,16.8384,1.9428,0.0,0.0288,0.0,3.8856,0.0,2
1.52222,14.43,0.0,1.0,72.67,0.1,11.52,0.0,0.08,21.965634600000000,0.0,1.52222,110.6197274,0.152222,17.535974400000000,0.0,0.1217776,0.0,14.43,1048.6281,1.443,166.2336,0.0,1.1544,0.0,0.0,0.0,0.0,0.0,0.0,72.67,0.1,11.52,0.0,0.08,7.267,837.1584,0.0,5.8136,1.152,0.0,0.008,0.0,0.9216,0.0,2
1.51818,13.72,0.0,0.56,74.45,0.0,10.99,0.0,0.0,20.8294296,0.0,0.8501808000000000,113.028501,0.0,16.684798200000000,0.0,0.0,0.0,7.683200000000000,1021.4540000000000,0.0,150.7828,0.0,0.0,0.0,0.0,0.0,0.0,0.0,0.0,41.69200000000000,0.0,6.154400000000000,0.0,0.0,0.0,818.2055,0.0,0.0,0.0,0.0,0.0,0.0,0.0,0.0,2
1.52664,11.23,0.0,0.77,73.21,0.0,14.68,0.0,0.0,17.144167200000000,0.0,1.1755128000000000,111.7653144,0.0,22.4110752,0.0,0.0,0.0,8.6471,822.1483,0.0,164.8564,0.0,0.0,0.0,0.0,0.0,0.0,0.0,0.0,56.3717,0.0,11.3036,0.0,0.0,0.0,1074.7228000000000,0.0,0.0,0.0,0.0,0.0,0.0,0.0,0.0,2
1.52739,11.02,0.0,0.75,73.08,0.0,14.96,0.0,0.0,16.8318378,0.0,1.1455425,111.6216612,0.0,22.849754400000000,0.0,0.0,0.0,8.265,805.3416,0.0,164.85920000000000,0.0,0.0,0.0,0.0,0.0,0.0,0.0,0.0,54.81,0.0,11.22,0.0,0.0,0.0,1093.2768,0.0,0.0,0.0,0.0,0.0,0.0,0.0,0.0,2
1.52777,12.64,0.0,0.67,72.02,0.06,14.4,0.0,0.0,19.3110128,0.0,1.0236059000000000,110.0299954,0.0916662,21.999888000000000,0.0,0.0,0.0,8.468800000000000,910.3328,0.7584,182.01600000000000,0.0,0.0,0.0,0.0,0.0,0.0,0.0,0.0,48.2534,0.0402,9.648000000000000,0.0,0.0,4.321200000000000,1037.088,0.0,0.0,0.864,0.0,0.0,0.0,0.0,0.0,2
1.51892,13.46,3.83,1.26,72.55,0.57,8.21,0.0,0.14,20.4446632,5.8174636,1.9138392000000000,110.197646,0.8657844000000000,12.470333200000000,0.0,0.21264880000000000,51.55180000000000,16.959600000000000,976.523,7.6722,110.50660000000000,0.0,1.8844000000000000,4.8258,277.8665,2.1831,31.444300000000000,0.0,0.5362,91.413,0.7182,10.344600000000000,0.0,0.17640000000000000,41.3535,595.6355000000000,0.0,10.157,4.6797,0.0,0.0798,0.0,1.1494000000000000,0.0,2
1.51847,13.1,3.97,1.19,72.44,0.6,8.43,0.0,0.0,19.891957000000000,6.0283259000000000,1.8069793000000000,109.9979668,0.911082,12.800702100000000,0.0,0.0,52.007,15.589000000000000,948.9640000000000,7.860000000000000,110.43300000000000,0.0,0.0,4.7243,287.5868,2.382,33.4671,0.0,0.0,86.2036,0.714,10.031700000000000,0.0,0.0,43.464,610.6692000000000,0.0,0.0,5.058,0.0,0.0,0.0,0.0,0.0,2
1.51846,13.41,3.89,1.33,72.38,0.51,8.28,0.0,0.0,20.3625486,5.9068094,2.0195518,109.90613480000000,0.7744146,12.5728488,0.0,0.0,52.1649,17.8353,970.6158000000000,6.8391,111.03480000000000,0.0,0.0,5.1737,281.5582,1.9839,32.209200000000000,0.0,0.0,96.2654,0.6783,11.0124,0.0,0.0,36.913800000000000,599.3064000000000,0.0,0.0,4.222800000000000,0.0,0.0,0.0,0.0,0.0,2
1.51829,13.24,3.9,1.41,72.33,0.55,8.31,0.0,0.1,20.1021596,5.9213310000000000,2.1407889000000000,109.81791570000000,0.8350595000000000,12.6169899,0.0,0.151829,51.636,18.6684,957.6492,7.282000000000000,110.02440000000000,0.0,1.324,5.499,282.087,2.145,32.409,0.0,0.39,101.9853,0.7755,11.7171,0.0,0.141,39.7815,601.0623,0.0,7.2330000000000000,4.570500000000000,0.0,0.05500000000000000,0.0,0.8310000000000000,0.0,2
1.51708,13.72,3.68,1.81,72.06,0.64,7.88,0.0,0.0,20.8143376,5.5828544,2.7459148,109.3207848,0.9709312,11.954590400000000,0.0,0.0,50.4896,24.8332,988.6632000000000,8.780800000000000,108.1136,0.0,0.0,6.6608,265.18080000000000,2.3552,28.9984,0.0,0.0,130.42860000000000,1.1584,14.2628,0.0,0.0,46.1184,567.8328,0.0,0.0,5.0432,0.0,0.0,0.0,0.0,0.0,2
1.51673,13.3,3.64,1.53,72.53,0.65,8.03,0.0,0.29,20.172509,5.5208972,2.3205969,110.00842690000000,0.9858745,12.179341900000000,0.0,0.43985170000000000,48.412000000000000,20.349,964.6490000000000,8.645000000000000,106.79900000000000,0.0,3.8570000000000000,5.5692,264.0092,2.366,29.2292,0.0,1.0556000000000000,110.9709,0.9945,12.2859,0.0,0.4437,47.1445,582.4159,0.0,21.0337,5.2195,0.0,0.1885,0.0,2.3287000000000000,0.0,2
1.51652,13.56,3.57,1.47,72.45,0.64,7.96,0.0,0.0,20.564011200000000,5.4139764,2.2292844,109.871874,0.9705728000000000,12.0714992,0.0,0.0,48.4092,19.9332,982.422,8.6784,107.9376,0.0,0.0,5.2479,258.6465,2.2848,28.417200000000000,0.0,0.0,106.50150000000000,0.9408,11.7012,0.0,0.0,46.368,576.702,0.0,0.0,5.0944,0.0,0.0,0.0,0.0,0.0,2
1.51844,13.25,3.76,1.32,72.4,0.58,8.42,0.0,0.0,20.11933,5.7093344000000000,2.0043408,109.935056,0.8806952000000000,12.7852648,0.0,0.0,49.82,17.490000000000000,959.3000000000000,7.685,111.565,0.0,0.0,4.9632,272.224,2.1808000000000000,31.6592,0.0,0.0,95.56800000000000,0.7656,11.1144,0.0,0.0,41.992,609.6080000000000,0.0,0.0,4.8836000000000000,0.0,0.0,0.0,0.0,0.0,2
1.51663,12.93,3.54,1.62,72.96,0.64,8.03,0.0,0.21,19.6100259,5.3688702,2.4569406000000000,110.65332480000000,0.9706432000000000,12.178538900000000,0.0,0.31849230000000000,45.7722,20.9466,943.3728000000000,8.2752,103.82790000000000,0.0,2.7153,5.734800000000000,258.2784,2.2656,28.426200000000000,0.0,0.7434,118.1952,1.0368000000000000,13.0086,0.0,0.3402,46.694400000000000,585.8688000000000,0.0,15.321600000000000,5.1392,0.0,0.1344,0.0,1.6863,0.0,2
1.51687,13.23,3.54,1.48,72.84,0.56,8.1,0.0,0.0,20.0681901,5.3697198000000000,2.2449676,110.4888108,0.8494472000000000,12.286647000000000,0.0,0.0,46.8342,19.5804,963.6732000000000,7.408800000000000,107.163,0.0,0.0,5.2392,257.85360000000000,1.9824000000000000,28.674,0.0,0.0,107.8032,0.8288000000000000,11.988,0.0,0.0,40.790400000000000,590.004,0.0,0.0,4.5360000000000000,0.0,0.0,0.0,0.0,0.0,2
1.51707,13.48,3.48,1.71,72.52,0.62,7.99,0.0,0.0,20.4501036,5.279403600000000,2.5941897,110.01791640000000,0.9405834,12.121389300000000,0.0,0.0,46.9104,23.0508,977.5696000000000,8.3576,107.7052,0.0,0.0,5.9508,252.3696,2.1576,27.8052,0.0,0.0,124.00920000000000,1.0602,13.6629,0.0,0.0,44.962400000000000,579.4348,0.0,0.0,4.9538,0.0,0.0,0.0,0.0,0.0,2
1.52177,13.2,3.68,1.15,72.75,0.54,8.52,0.0,0.0,20.087364,5.6001136,1.7500355000000000,110.70876750000000,0.8217558,12.9654804,0.0,0.0,48.576,15.180000000000000,960.3,7.128,112.46400000000000,0.0,0.0,4.232,267.72,1.9872000000000000,31.3536,0.0,0.0,83.6625,0.621,9.798000000000000,0.0,0.0,39.285000000000000,619.8300000000000,0.0,0.0,4.6008000000000000,0.0,0.0,0.0,0.0,0.0,2
1.51872,12.93,3.66,1.56,72.51,0.58,8.55,0.0,0.12,19.6370496,5.5585152,2.3692032000000000,110.12238720000000,0.8808576,12.985056000000000,0.0,0.1822464,47.3238,20.1708,937.5543,7.4994,110.5515,0.0,1.5516000000000000,5.7096,265.38660000000000,2.1228,31.293000000000000,0.0,0.4392,113.11560000000000,0.9048000000000000,13.338000000000000,0.0,0.1872,42.0558,619.9605000000000,0.0,8.7012,4.959,0.0,0.0696,0.0,1.026,0.0,2
1.51667,12.94,3.61,1.26,72.75,0.56,8.6,0.0,0.0,19.6257098,5.4751787,1.9110042,110.33774250000000,0.8493352000000000,13.043362000000000,0.0,0.0,46.7134,16.3044,941.385,7.2464,111.28400000000000,0.0,0.0,4.5486000000000000,262.6275,2.0216000000000000,31.046,0.0,0.0,91.665,0.7056000000000000,10.836,0.0,0.0,40.74,625.65,0.0,0.0,4.816,0.0,0.0,0.0,0.0,0.0,2
1.52081,13.78,2.28,1.43,71.99,0.49,9.85,0.0,0.17,20.9567618,3.4674468,2.1747583000000000,109.4831119,0.7451969000000000,14.9799785,0.0,0.25853770000000000,31.418400000000000,19.705400000000000,992.0222000000000,6.752200000000000,135.73300000000000,0.0,2.3426,3.2604000000000000,164.13720000000000,1.1172,22.458,0.0,0.3876,102.94570000000000,0.7007,14.0855,0.0,0.2431,35.275100000000000,709.1015000000000,0.0,12.2383,4.826500000000000,0.0,0.0833,0.0,1.6745,0.0,2
1.52068,13.55,2.09,1.67,72.18,0.53,9.57,0.27,0.17,20.605214,3.1782212,2.5395356,109.76268240000000,0.8059604,14.552907600000000,0.41058360000000000,0.2585156,28.319500000000000,22.6285,978.0390000000000,7.181500000000000,129.67350000000000,3.6585000000000000,2.3035,3.4903000000000000,150.8562,1.1077,20.0013,0.5643,0.3553,120.54060000000000,0.8851,15.9819,0.4509,0.2839,38.25540000000000,690.7626000000000,19.4886,12.270600000000000,5.072100000000000,0.1431,0.09010000000000000,2.5839000000000000,1.6269000000000000,0.0459,2
1.5202,13.98,1.35,1.63,71.76,0.39,10.56,0.0,0.18,21.252396,2.05227,2.4779260000000000,109.08955200000000,0.592878,16.053312000000000,0.0,0.273636,18.873,22.787400000000000,1003.2048000000000,5.4522,147.6288,0.0,2.5164,2.2005,96.87600000000000,0.5265000000000000,14.256000000000000,0.0,0.243,116.9688,0.6357000000000000,17.2128,0.0,0.2934,27.986400000000000,757.7856,0.0,12.9168,4.1184,0.0,0.0702,0.0,1.9008,0.0,2
1.52177,13.75,1.01,1.36,72.19,0.33,11.14,0.0,0.0,20.9243375,1.5369877,2.0696072,109.8565763,0.5021841,16.952517800000000,0.0,0.0,13.8875,18.700000000000000,992.6125,4.5375000000000000,153.175,0.0,0.0,1.3736000000000000,72.9119,0.33330000000000000,11.2514,0.0,0.0,98.17840000000000,0.44880000000000000,15.150400000000000,0.0,0.0,23.8227,804.1966,0.0,0.0,3.6762000000000000,0.0,0.0,0.0,0.0,0.0,2
1.52614,13.7,0.0,1.36,71.24,0.19,13.44,0.0,0.1,20.908118000000000,0.0,2.0755504,108.72221360000000,0.2899666,20.5113216,0.0,0.15261400000000000,0.0,18.632,975.9880000000000,2.6030000000000000,184.128,0.0,1.37,0.0,0.0,0.0,0.0,0.0,0.0,96.8864,0.2584,18.2784,0.0,0.136,13.535600000000000,957.4656000000000,0.0,7.124,2.5536,0.0,0.019000000000000000,0.0,1.344,0.0,2
1.51813,13.43,3.98,1.18,72.49,0.58,8.15,0.0,0.0,20.3884859,6.0421574,1.7913934000000000,110.04924370000000,0.8805154,12.3727595,0.0,0.0,53.4514,15.847400000000000,973.5407000000000,7.7894,109.4545,0.0,0.0,4.6964,288.5102,2.3084,32.437000000000000,0.0,0.0,85.53820000000000,0.6844000000000000,9.617000000000000,0.0,0.0,42.0442,590.7935,0.0,0.0,4.727,0.0,0.0,0.0,0.0,0.0,2
1.518,13.71,3.93,1.54,71.81,0.54,8.21,0.0,0.15,20.811780000000000,5.96574,2.33772,109.00758,0.8197200000000000,12.462780000000000,0.0,0.22770000000000000,53.880300000000000,21.113400000000000,984.5151000000000,7.403400000000000,112.55910000000000,0.0,2.0565,6.0522,282.2133,2.1222000000000000,32.2653,0.0,0.5895,110.5874,0.8316000000000000,12.643400000000000,0.0,0.23100000000000000,38.77740000000000,589.5601,0.0,10.7715,4.433400000000000,0.0,0.081,0.0,1.2315,0.0,2
1.51811,13.33,3.85,1.25,72.78,0.52,8.12,0.0,0.0,20.236406300000000,5.844723500000000,1.8976375,110.48804580000000,0.7894172,12.3270532,0.0,0.0,51.3205,16.6625,970.1574,6.9316,108.2396,0.0,0.0,4.8125,280.20300000000000,2.0020000000000000,31.262000000000000,0.0,0.0,90.975,0.65,10.150000000000000,0.0,0.0,37.845600000000000,590.9736000000000,0.0,0.0,4.2224000000000000,0.0,0.0,0.0,0.0,0.0,2
1.51789,13.19,3.9,1.3,72.33,0.55,8.44,0.0,0.28,20.0209691,5.919771,1.973257,109.78898370000000,0.8348395000000000,12.8109916,0.0,0.42500920000000000,51.441000000000000,17.147,954.0327,7.2545,111.32360000000000,0.0,3.6932,5.07,282.087,2.145,32.916,0.0,1.092,94.029,0.7150000000000000,10.972,0.0,0.36400000000000000,39.7815,610.4652,0.0,20.2524,4.642,0.0,0.15400000000000000,0.0,2.3632,0.0,2
1.51806,13.0,3.8,1.08,73.07,0.56,8.38,0.0,0.12,19.73478,5.768628,1.6395048,110.92464420000000,0.8501136,12.7213428,0.0,0.1821672,49.4,14.040000000000000,949.9100000000000,7.280000000000000,108.94000000000000,0.0,1.56,4.104,277.66600000000000,2.128,31.844,0.0,0.45600000000000000,78.9156,0.6048000000000000,9.050400000000000,0.0,0.1296,40.919200000000000,612.3266,0.0,8.768400000000000,4.692800000000000,0.0,0.06720000000000000,0.0,1.0056,0.0,2
1.51711,12.89,3.62,1.57,72.96,0.61,8.11,0.0,0.0,19.5555479,5.4919382,2.3818627,110.68834560000000,0.9254371000000000,12.303762100000000,0.0,0.0,46.66180000000000,20.2373,940.4544,7.8629,104.5379,0.0,0.0,5.683400000000000,264.11520000000000,2.2082,29.3582,0.0,0.0,114.54720000000000,0.9577,12.7327,0.0,0.0,44.505600000000000,591.7056000000000,0.0,0.0,4.9471,0.0,0.0,0.0,0.0,0.0,2
1.51674,12.79,3.52,1.54,73.36,0.66,7.9,0.0,0.0,19.399104600000000,5.3389248,2.3357796,111.2680464,1.0010484,11.982246,0.0,0.0,45.020800000000000,19.6966,938.2744000000000,8.4414,101.041,0.0,0.0,5.4208,258.2272,2.3232,27.808,0.0,0.0,112.9744,1.0164,12.166,0.0,0.0,48.4176,579.544,0.0,0.0,5.214,0.0,0.0,0.0,0.0,0.0,2
1.51674,12.87,3.56,1.64,73.14,0.65,7.99,0.0,0.0,19.5204438,5.3995944,2.4874536,110.9343636,0.985881,12.1187526,0.0,0.0,45.8172,21.106800000000000,941.3118,8.365500000000000,102.8313,0.0,0.0,5.8384,260.3784,2.314,28.4444,0.0,0.0,119.94960000000000,1.066,13.1036,0.0,0.0,47.541000000000000,584.3886,0.0,0.0,5.1935,0.0,0.0,0.0,0.0,0.0,2
1.5169,13.33,3.54,1.61,72.54,0.68,8.11,0.0,0.0,20.220277,5.369826,2.442209,110.035926,1.031492,12.302059000000000,0.0,0.0,47.1882,21.4613,966.9582,9.064400000000000,108.10630000000000,0.0,0.0,5.699400000000000,256.7916,2.4072,28.7094,0.0,0.0,116.78940000000000,1.0948000000000000,13.0571,0.0,0.0,49.327200000000000,588.2994,0.0,0.0,5.5148,0.0,0.0,0.0,0.0,0.0,2
1.51851,13.2,3.63,1.07,72.83,0.57,8.41,0.09,0.17,20.044332,5.5121913,1.6248057,110.5930833,0.8655507000000000,12.770669100000000,0.1366659,0.2581467,47.916,14.124,961.3560000000000,7.524000000000000,111.012,1.188,2.244,3.8841,264.37290000000000,2.0691000000000000,30.528300000000000,0.3267,0.6171,77.9281,0.6099,8.998700000000000,0.0963,0.18190000000000000,41.513100000000000,612.5003,6.5547000000000000,12.3811,4.793700000000000,0.05130000000000000,0.0969,0.7569,1.4297000000000000,0.015300000000000000,2
1.51662,12.85,3.51,1.44,73.01,0.68,8.23,0.06,0.25,19.488567,5.3233362,2.1839328,110.72842620000000,1.0313016000000000,12.4817826,0.0909972,0.379155,45.1035,18.504000000000000,938.1785,8.738,105.7555,0.7710000000000000,3.2125,5.054400000000000,256.2651,2.3868,28.8873,0.21060000000000000,0.8775,105.1344,0.9792000000000000,11.8512,0.08640000000000000,0.36,49.646800000000000,600.8723000000000,4.3806,18.2525,5.596400000000000,0.0408,0.17,0.4938,2.0575,0.015,2
1.51709,13.0,3.47,1.79,72.72,0.66,8.18,0.0,0.0,19.722170000000000,5.264302300000000,2.7155911,110.32278480000000,1.0012794,12.4097962,0.0,0.0,45.11,23.27,945.36,8.58,106.34,0.0,0.0,6.2113000000000000,252.3384,2.2902000000000000,28.3846,0.0,0.0,130.1688,1.1814,14.642200000000000,0.0,0.0,47.995200000000000,594.8496,0.0,0.0,5.3988000000000000,0.0,0.0,0.0,0.0,0.0,2
1.5166,12.99,3.18,1.23,72.97,0.58,8.81,0.0,0.24,19.700634,4.822788,1.8654180000000000,110.66630200000000,0.8796280000000000,13.361246,0.0,0.363984,41.3082,15.9777,947.8803,7.534200000000000,114.4419,0.0,3.1176,3.9114,232.0446,1.8444,28.015800000000000,0.0,0.7632,89.7531,0.7134000000000000,10.8363,0.0,0.29520000000000000,42.322600000000000,642.8657000000000,0.0,17.5128,5.1098,0.0,0.1392,0.0,2.1144,0.0,2
1.51839,12.85,3.67,1.24,72.57,0.62,8.68,0.0,0.35,19.511311500000000,5.572491300000000,1.8828036,110.18956230000000,0.9414018,13.179625200000000,0.0,0.5314365,47.1595,15.934,932.5245000000000,7.967,111.538,0.0,4.4975,4.5508,266.33190000000000,2.2754,31.8556,0.0,1.2845,89.98680000000000,0.7688,10.7632,0.0,0.434,44.993400000000000,629.9076000000000,0.0,25.399500000000000,5.3816,0.0,0.217,0.0,3.038,0.0,2
1.51769,13.65,3.66,1.11,72.77,0.11,8.6,0.0,0.0,20.7164685,5.5547454,1.6846359000000000,110.4423013,0.1669459,13.052134000000000,0.0,0.0,49.959,15.151500000000000,993.3105000000000,1.5015,117.39,0.0,0.0,4.062600000000000,266.3382,0.4026,31.476,0.0,0.0,80.7747,0.12210000000000000,9.546000000000000,0.0,0.0,8.0047,625.8220000000000,0.0,0.0,0.946,0.0,0.0,0.0,0.0,0.0,3
1.5161,13.33,3.53,1.34,72.67,0.56,8.33,0.0,0.0,20.209613,5.351833,2.031574,110.174987,0.8490160000000000,12.629113,0.0,0.0,47.054900000000000,17.8622,968.6911,7.4648,111.0389,0.0,0.0,4.7302,256.5251,1.9768000000000000,29.404900000000000,0.0,0.0,97.37780000000000,0.7504000000000000,11.1622,0.0,0.0,40.69520000000000,605.3411,0.0,0.0,4.6648000000000000,0.0,0.0,0.0,0.0,0.0,3
1.5167,13.24,3.57,1.38,72.7,0.56,8.44,0.0,0.1,20.081108,5.414619000000000,2.0930460000000000,110.26409,0.849352,12.800948000000000,0.0,0.15167,47.266800000000000,18.2712,962.548,7.4144000000000000,111.7456,0.0,1.324,4.9266,259.539,1.9992,30.130800000000000,0.0,0.357,100.326,0.7728,11.647200000000000,0.0,0.13800000000000000,40.712,613.588,0.0,7.2700000000000000,4.7264,0.0,0.05600000000000000,0.0,0.844,0.0,3
1.51643,12.16,3.52,1.35,72.89,0.57,8.53,0.0,0.0,18.4397888,5.3378336,2.0471805,110.53258270000000,0.8643651000000000,12.935147900000000,0.0,0.0,42.803200000000000,16.416,886.3424,6.9312,103.72480000000000,0.0,0.0,4.752000000000000,256.57280000000000,2.0064000000000000,30.025600000000000,0.0,0.0,98.40150000000000,0.7695,11.5155,0.0,0.0,41.5473,621.7517000000000,0.0,0.0,4.862100000000000,0.0,0.0,0.0,0.0,0.0,3
1.51665,13.14,3.45,1.76,72.48,0.6,8.38,0.0,0.17,19.928781,5.2324425,2.669304,109.926792,0.90999,12.709527000000000,0.0,0.2578305,45.333000000000000,23.1264,952.3872000000000,7.884,110.11320000000000,0.0,2.2338000000000000,6.072,250.05600000000000,2.07,28.911000000000000,0.0,0.5865,127.5648,1.056,14.748800000000000,0.0,0.2992,43.488,607.3824000000000,0.0,12.321600000000000,5.0280000000000000,0.0,0.10200000000000000,0.0,1.4246000000000000,0.0,3
1.52127,14.32,3.9,0.83,71.5,0.0,9.49,0.0,0.0,21.7845864,5.9329530000000000,1.2626541000000000,108.770805,0.0,14.4368523,0.0,0.0,55.848,11.8856,1023.88,0.0,135.8968,0.0,0.0,3.2370000000000000,278.85000000000000,0.0,37.011,0.0,0.0,59.345,0.0,7.8767,0.0,0.0,0.0,678.535,0.0,0.0,0.0,0.0,0.0,0.0,0.0,0.0,3
1.51779,13.64,3.65,0.65,73.0,0.06,8.93,0.0,0.0,20.7026556,5.5399335,0.9865635,110.79867,0.09106740000000000,13.5538647,0.0,0.0,49.786,8.866000000000000,995.72,0.8184,121.8052,0.0,0.0,2.3725,266.45,0.219,32.5945,0.0,0.0,47.45,0.039,5.8045,0.0,0.0,4.38,651.89,0.0,0.0,0.5358000000000000,0.0,0.0,0.0,0.0,0.0,3
1.5161,13.42,3.4,1.22,72.69,0.59,8.32,0.0,0.0,20.346062,5.154740000000000,1.849642,110.205309,0.8944990000000000,12.613952000000000,0.0,0.0,45.628,16.3724,975.4998000000000,7.9178,111.65440000000000,0.0,0.0,4.148,247.146,2.006,28.288,0.0,0.0,88.6818,0.7198,10.1504,0.0,0.0,42.8871,604.7808,0.0,0.0,4.9088,0.0,0.0,0.0,0.0,0.0,3
1.51694,12.86,3.58,1.31,72.61,0.61,8.79,0.0,0.0,19.5078484,5.4306452,1.9871914,110.1450134,0.9253334,13.333902600000000,0.0,0.0,46.0388,16.8466,933.7646,7.8446,113.03940000000000,0.0,0.0,4.6898,259.9438,2.1838,31.468200000000000,0.0,0.0,95.1191,0.7991,11.514900000000000,0.0,0.0,44.2921,638.2419,0.0,0.0,5.3619000000000000,0.0,0.0,0.0,0.0,0.0,3
1.51646,13.04,3.4,1.26,73.01,0.52,8.58,0.0,0.0,19.774638400000000,5.155964,1.9107396000000000,110.7167446,0.7885592,13.0112268,0.0,0.0,44.336,16.4304,952.0504,6.7808,111.88320000000000,0.0,0.0,4.284,248.234,1.768,29.172,0.0,0.0,91.99260000000000,0.6552,10.8108,0.0,0.0,37.9652,626.4258000000000,0.0,0.0,4.4616,0.0,0.0,0.0,0.0,0.0,3
1.51655,13.41,3.39,1.28,72.64,0.52,8.65,0.0,0.0,20.336935500000000,5.1411045,1.941184,110.162192,0.788606,13.1181575,0.0,0.0,45.459900000000000,17.1648,974.1024,6.9732,115.99650000000000,0.0,0.0,4.3392,246.24960000000000,1.7628000000000000,29.323500000000000,0.0,0.0,92.9792,0.6656000000000000,11.072000000000000,0.0,0.0,37.772800000000000,628.336,0.0,0.0,4.498,0.0,0.0,0.0,0.0,0.0,3
1.52121,14.03,3.76,0.58,71.79,0.11,9.65,0.0,0.0,21.342576300000000,5.719749600000000,0.8823018000000000,109.20766590000000,0.16733310000000000,14.6796765,0.0,0.0,52.75280000000000,8.1374,1007.2137,1.5433,135.3895,0.0,0.0,2.1808000000000000,269.9304,0.41360000000000000,36.284,0.0,0.0,41.6382,0.0638,5.5970000000000000,0.0,0.0,7.8969000000000000,692.7735000000000,0.0,0.0,1.0615,0.0,0.0,0.0,0.0,0.0,3
1.51776,13.53,3.41,1.52,72.04,0.58,8.79,0.0,0.0,20.5352928,5.1755616,2.3069952000000000,109.33943040000000,0.8803008000000000,13.341110400000000,0.0,0.0,46.137300000000000,20.5656,974.7012000000000,7.8474000000000000,118.92870000000000,0.0,0.0,5.1832,245.65640000000000,1.9778,29.973900000000000,0.0,0.0,109.50080000000000,0.8816000000000000,13.3608,0.0,0.0,41.7832,633.2316,0.0,0.0,5.098200000000000,0.0,0.0,0.0,0.0,0.0,3
1.51796,13.5,3.36,1.63,71.94,0.57,8.81,0.0,0.09,20.49246,5.1003456,2.4742748,109.2020424,0.8652372000000000,13.3732276,0.0,0.1366164,45.36,22.005,971.1900000000000,7.695000000000000,118.935,0.0,1.2150000000000000,5.476800000000000,241.71840000000000,1.9152000000000000,29.6016,0.0,0.3024,117.26220000000000,0.9291000000000000,14.3603,0.0,0.1467,41.005800000000000,633.7914000000000,0.0,6.4746,5.0217,0.0,0.05130000000000000,0.0,0.7929,0.0,3
1.51832,13.33,3.34,1.54,72.14,0.56,8.99,0.0,0.0,20.2392056,5.0711888,2.3382128,109.5316048,0.8502592,13.6496968,0.0,0.0,44.5222,20.528200000000000,961.6262,7.4648,119.83670000000000,0.0,0.0,5.1436,240.9476,1.8704,30.0266,0.0,0.0,111.0956,0.8624,13.8446,0.0,0.0,40.3984,648.5386,0.0,0.0,5.034400000000000,0.0,0.0,0.0,0.0,0.0,3
1.51934,13.64,3.54,0.75,72.65,0.16,8.89,0.15,0.24,20.7237976,5.3784636,1.139505,110.38005100000000,0.2430944,13.5069326,0.22790100000000000,0.36464160000000000,48.2856,10.23,990.9460000000000,2.1824000000000000,121.2596,2.046,3.2736,2.6550000000000000,257.18100000000000,0.5664,31.4706,0.531,0.8496,54.487500000000000,0.12,6.6675,0.11250000000000000,0.18,11.624,645.8585,10.8975,17.436,1.4224,0.024,0.0384,1.3335000000000000,2.1336,0.036,3
1.52211,14.19,3.78,0.91,71.36,0.23,9.14,0.0,0.37,21.5987409,5.7535758,1.3851201000000000,108.6177696,0.35008530000000000,13.912085400000000,0.0,0.5631807,53.6382,12.9129,1012.5984,3.2637,129.6966,0.0,5.2503,3.4398,269.7408,0.8694,34.5492,0.0,1.3986000000000000,64.9376,0.2093,8.317400000000000,0.0,0.3367,16.4128,652.2304,0.0,26.4032,2.1022000000000000,0.0,0.08510000000000000,0.0,3.3818,0.0,3
1.51514,14.01,2.68,3.5,69.89,1.68,5.87,2.2,0.0,21.2271114,4.0605752,5.302990000000000,105.8931346,2.5454352,8.8938718,3.333308,0.0,37.546800000000000,49.035,979.1589,23.5368,82.2387,30.822000000000000,0.0,9.38,187.3052,4.5024,15.731600000000000,5.896000000000000,0.0,244.615,5.88,20.545,7.700000000000000,0.0,117.4152,410.2543,153.758,0.0,9.8616,3.696,0.0,12.914000000000000,0.0,0.0,5
1.51915,12.73,1.85,1.86,72.69,0.6,10.09,0.0,0.0,19.3387795,2.8104275000000000,2.825619,110.4270135,0.9114900000000000,15.3282235,0.0,0.0,23.550500000000000,23.6778,925.3437,7.638,128.44570000000000,0.0,0.0,3.4410000000000000,134.47650000000000,1.11,18.6665,0.0,0.0,135.20340000000000,1.116,18.767400000000000,0.0,0.0,43.614,733.4421,0.0,0.0,6.054000000000000,0.0,0.0,0.0,0.0,0.0,5
1.52171,11.56,1.88,1.56,72.86,0.47,11.41,0.0,0.0,17.5909676,2.8608148000000000,2.3738676,110.8717906,0.7152037000000000,17.3627111,0.0,0.0,21.7328,18.0336,842.2616,5.4332,131.89960000000000,0.0,0.0,2.9328,136.9768,0.8836000000000000,21.450800000000000,0.0,0.0,113.6616,0.7332,17.7996,0.0,0.0,34.2442,831.3326,0.0,0.0,5.362700000000000,0.0,0.0,0.0,0.0,0.0,5
1.52151,11.03,1.71,1.56,73.44,0.58,11.62,0.0,0.0,16.7822553,2.6017821,2.3735556,111.73969440000000,0.8824758000000000,17.679946200000000,0.0,0.0,18.8613,17.2068,810.0432,6.397400000000000,128.1686,0.0,0.0,2.6676,125.58240000000000,0.9918000000000000,19.870200000000000,0.0,0.0,114.5664,0.9048000000000000,18.1272,0.0,0.0,42.5952,853.3728000000000,0.0,0.0,6.739600000000000,0.0,0.0,0.0,0.0,0.0,5
1.51969,12.64,0.0,1.65,73.75,0.38,11.53,0.0,0.0,19.2088816,0.0,2.5074885,112.07713750000000,0.5774822000000000,17.5220257,0.0,0.0,0.0,20.856000000000000,932.2,4.8032,145.7392,0.0,0.0,0.0,0.0,0.0,0.0,0.0,0.0,121.6875,0.627,19.024500000000000,0.0,0.0,28.025,850.3375,0.0,0.0,4.3814,0.0,0.0,0.0,0.0,0.0,5
1.51666,12.86,0.0,1.83,73.88,0.97,10.17,0.0,0.0,19.5042476,0.0,2.7754878,112.05084080000000,1.4711602,15.424432200000000,0.0,0.0,0.0,23.5338,950.0968000000000,12.4742,130.78620000000000,0.0,0.0,0.0,0.0,0.0,0.0,0.0,0.0,135.2004,1.7751000000000000,18.6111,0.0,0.0,71.66360000000000,751.3596,0.0,0.0,9.8649,0.0,0.0,0.0,0.0,0.0,5
1.51994,13.27,0.0,1.76,73.03,0.47,11.32,0.0,0.0,20.1696038,0.0,2.6750944000000000,111.00121820000000,0.7143718,17.2057208,0.0,0.0,0.0,23.3552,969.1081,6.2369000000000000,150.2164,0.0,0.0,0.0,0.0,0.0,0.0,0.0,0.0,128.5328,0.8272000000000000,19.9232,0.0,0.0,34.3241,826.6996,0.0,0.0,5.3204,0.0,0.0,0.0,0.0,0.0,5
1.52369,13.44,0.0,1.58,72.22,0.32,12.24,0.0,0.0,20.4783936,0.0,2.4074302000000000,110.0408918,0.4875808,18.6499656,0.0,0.0,0.0,21.2352,970.6368,4.3008,164.5056,0.0,0.0,0.0,0.0,0.0,0.0,0.0,0.0,114.1076,0.5056,19.3392,0.0,0.0,23.1104,883.9728,0.0,0.0,3.9168000000000000,0.0,0.0,0.0,0.0,0.0,5
1.51316,13.02,0.0,3.04,70.48,6.21,6.96,0.0,0.0,19.7013432,0.0,4.6000064,106.6475168,9.3967236,10.5315936,0.0,0.0,0.0,39.580800000000000,917.6496000000000,80.85420000000000,90.61920000000000,0.0,0.0,0.0,0.0,0.0,0.0,0.0,0.0,214.25920000000000,18.8784,21.1584,0.0,0.0,437.68080000000000,490.54080000000000,0.0,0.0,43.2216,0.0,0.0,0.0,0.0,0.0,5
1.51321,13.0,0.0,3.02,70.7,6.21,6.93,0.0,0.0,19.67173,0.0,4.5698942,106.983947,9.397034100000000,10.4865453,0.0,0.0,0.0,39.26,919.1,80.73,90.09,0.0,0.0,0.0,0.0,0.0,0.0,0.0,0.0,213.514,18.7542,20.9286,0.0,0.0,439.047,489.951,0.0,0.0,43.0353,0.0,0.0,0.0,0.0,0.0,5
1.52043,13.38,0.0,1.4,72.25,0.33,12.5,0.0,0.0,20.3433534,0.0,2.128602,109.8510675,0.5017419,19.005375,0.0,0.0,0.0,18.732,966.705,4.415400000000000,167.25,0.0,0.0,0.0,0.0,0.0,0.0,0.0,0.0,101.15000000000000,0.46200000000000000,17.5,0.0,0.0,23.8425,903.125,0.0,0.0,4.125,0.0,0.0,0.0,0.0,0.0,5
1.52058,12.85,1.61,2.17,72.18,0.76,9.7,0.24,0.51,19.539453,2.4481338000000000,3.2996586,109.75546440000000,1.1556408,14.749626,0.3649392,0.7754958000000000,20.6885,27.8845,927.513,9.766,124.64500000000000,3.0840000000000000,6.5535,3.4937,116.20980000000000,1.2236,15.617000000000000,0.3864,0.8211,156.63060000000000,1.6492,21.049,0.5208000000000000,1.1067,54.85680000000000,700.146,17.3232,36.811800000000000,7.372,0.1824,0.3876,2.328,4.947,0.1224,5
1.52119,12.97,0.33,1.51,73.39,0.13,11.27,0.0,0.28,19.7298343,0.5019927000000000,2.2969969,111.6401341,0.1977547,17.1438113,0.0,0.42593320000000000,4.2801,19.5847,951.8683000000000,1.6861000000000000,146.1719,0.0,3.6316000000000000,0.4983,24.218700000000000,0.0429,3.7191,0.0,0.09240000000000000,110.8189,0.1963,17.017700000000000,0.0,0.42280000000000000,9.540700000000000,827.1053000000000,0.0,20.549200000000000,1.4651,0.0,0.0364,0.0,3.1556,0.0,5
1.51905,14.0,2.39,1.56,72.37,0.0,9.57,0.0,0.0,21.2667,3.6305295,2.369718,109.9336485,0.0,14.5373085,0.0,0.0,33.46,21.84,1013.1800000000000,0.0,133.98000000000000,0.0,0.0,3.7284,172.9643,0.0,22.872300000000000,0.0,0.0,112.89720000000000,0.0,14.929200000000000,0.0,0.0,0.0,692.5809,0.0,0.0,0.0,0.0,0.0,0.0,0.0,0.0,6
1.51937,13.79,2.41,1.19,72.76,0.0,9.77,0.0,0.0,20.9521123,3.6616817000000000,1.8080503,110.54936120000000,0.0,14.8442449,0.0,0.0,33.2339,16.4101,1003.3604,0.0,134.7283,0.0,0.0,2.8679,175.35160000000000,0.0,23.5457,0.0,0.0,86.5844,0.0,11.626300000000000,0.0,0.0,0.0,710.8652000000000,0.0,0.0,0.0,0.0,0.0,0.0,0.0,0.0,6
1.51829,14.46,2.24,1.62,72.38,0.0,9.26,0.0,0.0,21.9544734,3.4009696000000000,2.4596298,109.89383020000000,0.0,14.059365400000000,0.0,0.0,32.39040000000000,23.425200000000000,1046.6148,0.0,133.8996,0.0,0.0,3.6288000000000000,162.1312,0.0,20.7424,0.0,0.0,117.2556,0.0,15.0012,0.0,0.0,0.0,670.2388,0.0,0.0,0.0,0.0,0.0,0.0,0.0,0.0,6
1.51852,14.09,2.19,1.66,72.67,0.0,9.32,0.0,0.0,21.3959468,3.3255588,2.5207432,110.3508484,0.0,14.152606400000000,0.0,0.0,30.8571,23.3894,1023.9203,0.0,131.3188,0.0,0.0,3.6354000000000000,159.1473,0.0,20.410800000000000,0.0,0.0,120.6322,0.0,15.4712,0.0,0.0,0.0,677.2844,0.0,0.0,0.0,0.0,0.0,0.0,0.0,0.0,6
1.51299,14.4,1.74,1.54,74.55,0.0,7.59,0.0,0.0,21.787056,2.6326026000000000,2.3300046,112.7934045,0.0,11.4835941,0.0,0.0,25.056,22.176000000000000,1073.52,0.0,109.296,0.0,0.0,2.6796,129.71700000000000,0.0,13.2066,0.0,0.0,114.807,0.0,11.6886,0.0,0.0,0.0,565.8345000000000,0.0,0.0,0.0,0.0,0.0,0.0,0.0,0.0,6
1.51888,14.99,0.78,1.74,72.5,0.0,9.95,0.0,0.0,22.7680112,1.1847264,2.6428512,110.11880000000000,0.0,15.112856000000000,0.0,0.0,11.6922,26.0826,1086.775,0.0,149.1505,0.0,0.0,1.3572,56.550000000000000,0.0,7.761,0.0,0.0,126.15,0.0,17.313,0.0,0.0,0.0,721.375,0.0,0.0,0.0,0.0,0.0,0.0,0.0,0.0,6
1.51916,14.15,0.0,2.09,72.74,0.0,10.88,0.0,0.0,21.496114000000000,0.0,3.1750444,110.50369840000000,0.0,16.5284608,0.0,0.0,0.0,29.5735,1029.271,0.0,153.95200000000000,0.0,0.0,0.0,0.0,0.0,0.0,0.0,0.0,152.02660000000000,0.0,22.7392,0.0,0.0,0.0,791.4112,0.0,0.0,0.0,0.0,0.0,0.0,0.0,0.0,6
1.51969,14.56,0.0,0.56,73.48,0.0,11.22,0.0,0.0,22.1266864,0.0,0.8510264000000000,111.6668212,0.0,17.0509218,0.0,0.0,0.0,8.1536,1069.8688000000000,0.0,163.3632,0.0,0.0,0.0,0.0,0.0,0.0,0.0,0.0,41.14880000000000,0.0,6.283200000000000,0.0,0.0,0.0,824.4456000000000,0.0,0.0,0.0,0.0,0.0,0.0,0.0,0.0,6
1.51115,17.38,0.0,0.34,75.41,0.0,6.65,0.0,0.0,26.263787000000000,0.0,0.513791,113.9558215,0.0,10.0491475,0.0,0.0,0.0,5.9092,1310.6258000000000,0.0,115.577,0.0,0.0,0.0,0.0,0.0,0.0,0.0,0.0,25.639400000000000,0.0,2.261,0.0,0.0,0.0,501.4765,0.0,0.0,0.0,0.0,0.0,0.0,0.0,0.0,6
1.51131,13.69,3.2,1.81,72.81,1.76,5.43,1.19,0.0,20.6898339,4.8361920000000000,2.7354711,110.0384811,2.6599056,8.2064133,1.7984589000000000,0.0,43.808,24.7789,996.7689,24.0944,74.3367,16.2911,0.0,5.792000000000000,232.99200000000000,5.632000000000000,17.376,3.808,0.0,131.7861,3.1856,9.8283,2.1539,0.0,128.1456,395.3583,86.6439,0.0,9.556800000000000,2.0944,0.0,6.4617000000000000,0.0,0.0,7
1.51838,14.32,3.26,2.22,71.25,1.46,5.79,1.63,0.0,21.743201600000000,4.9499188,3.3708036000000000,108.18457500000000,2.2168348,8.791420200000000,2.4749594,0.0,46.6832,31.7904,1020.3000000000000,20.9072,82.9128,23.3416,0.0,7.2372000000000000,232.27500000000000,4.7596,18.8754,5.3138,0.0,158.175,3.2412,12.853800000000000,3.6186000000000000,0.0,104.02500000000000,412.5375,116.13750000000000,0.0,8.4534,2.3798,0.0,9.4377,0.0,0.0,7
1.52315,13.44,3.34,1.23,72.38,0.6,8.83,0.0,0.0,20.471136000000000,5.087321,1.8734745,110.24559700000000,0.91389,13.4494145,0.0,0.0,44.889600000000000,16.5312,972.7872000000000,8.064,118.67520000000000,0.0,0.0,4.1082,241.74920000000000,2.004,29.4922,0.0,0.0,89.0274,0.738,10.860900000000000,0.0,0.0,43.428,639.1154000000000,0.0,0.0,5.298,0.0,0.0,0.0,0.0,0.0,7
1.52247,14.86,2.2,2.06,70.26,0.76,9.76,0.0,0.0,22.6239042,3.3494340000000000,3.1362882,106.96874220000000,1.1570772,14.8593072,0.0,0.0,32.692,30.6116,1044.0636,11.2936,145.03360000000000,0.0,0.0,4.532000000000000,154.57200000000000,1.6720000000000000,21.472,0.0,0.0,144.7356,1.5656,20.1056,0.0,0.0,53.397600000000000,685.7376,0.0,0.0,7.4176,0.0,0.0,0.0,0.0,0.0,7
1.52365,15.79,1.83,1.31,70.43,0.31,8.61,1.68,0.0,24.0584335,2.7882795,1.9959815,107.3106695,0.47233150000000000,13.1186265,2.559732,0.0,28.895700000000000,20.6849,1112.0897,4.8949,135.9519,26.527200000000000,0.0,2.3973,128.88690000000000,0.5673,15.7563,3.0744,0.0,92.26330000000000,0.4061,11.2791,2.2008,0.0,21.8333,606.4023,118.3224,0.0,2.6691,0.5208000000000000,0.0,14.464800000000000,0.0,0.0,7
1.51613,13.88,1.78,1.79,73.1,0.0,8.67,0.76,0.0,21.0438844,2.6987114,2.7138727,110.82910300000000,0.0,13.1448471,1.1522588,0.0,24.706400000000000,24.845200000000000,1014.6280000000000,0.0,120.3396,10.5488,0.0,3.1862,130.118,0.0,15.4326,1.3528,0.0,130.849,0.0,15.5193,1.3604,0.0,0.0,633.7770000000000,55.556,0.0,0.0,0.0,0.0,6.5892,0.0,0.0,7
1.51602,14.85,0.0,2.38,73.28,0.0,8.76,0.64,0.09,22.512897,0.0,3.6081276000000000,111.0939456,0.0,13.2803352,0.9702528,0.13644180000000000,0.0,35.343000000000000,1088.208,0.0,130.08600000000000,9.504,1.3365,0.0,0.0,0.0,0.0,0.0,0.0,174.4064,0.0,20.848800000000000,1.5232000000000000,0.21420000000000000,0.0,641.9328,46.8992,6.5952,0.0,0.0,0.0,5.6064,0.7884,0.0576,7
1.51623,14.2,0.0,2.79,73.46,0.04,9.04,0.4,0.09,21.530466000000000,0.0,4.2302817,111.38225580000000,0.0606492,13.706719200000000,0.606492,0.1364607,0.0,39.618000000000000,1043.1320000000000,0.568,128.368,5.68,1.2780000000000000,0.0,0.0,0.0,0.0,0.0,0.0,204.9534,0.1116,25.2216,1.116,0.2511,2.9384000000000000,664.0784000000000,29.384,6.611400000000000,0.3616,0.016,0.0036,3.6160000000000000,0.8136000000000000,0.036,7
1.51719,14.75,0.0,2.0,73.02,0.0,8.53,1.59,0.08,22.3785525,0.0,3.03438,110.7852138,0.0,12.9416307,2.4123321,0.1213752,0.0,29.5,1077.0450000000000,0.0,125.8175,23.4525,1.18,0.0,0.0,0.0,0.0,0.0,0.0,146.04,0.0,17.06,3.18,0.16,0.0,622.8606000000000,116.1018,5.8416,0.0,0.0,0.0,13.5627,0.6824,0.1272,7
1.51683,14.56,0.0,1.98,73.29,0.0,8.52,1.57,0.07,22.0850448,0.0,3.0033234000000000,111.1684707,0.0,12.923391600000000,2.3814231,0.1061781,0.0,28.8288,1067.1024000000000,0.0,124.0512,22.8592,1.0192,0.0,0.0,0.0,0.0,0.0,0.0,145.1142,0.0,16.8696,3.1086,0.1386,0.0,624.4308,115.06530000000000,5.130300000000000,0.0,0.0,0.0,13.3764,0.5964,0.10990000000000000,7
1.51545,14.14,0.0,2.68,73.39,0.08,9.07,0.61,0.05,21.428463,0.0,4.061406,111.2188755,0.121236,13.7451315,0.9244245,0.0757725,0.0,37.8952,1037.7346,1.1312,128.24980000000000,8.6254,0.7070000000000000,0.0,0.0,0.0,0.0,0.0,0.0,196.6852,0.2144,24.3076,1.6348,0.134,5.8712,665.6473,44.7679,3.6695,0.7256,0.0488,0.004,5.5327,0.4535,0.0305,7
1.51556,13.87,0.0,2.54,73.23,0.14,9.41,0.81,0.01,21.0208172,0.0,3.8495224,110.98445880000000,0.21217840000000000,14.2614196,1.2276036000000000,0.0151556,0.0,35.2298,1015.7001,1.9418,130.5167,11.2347,0.1387,0.0,0.0,0.0,0.0,0.0,0.0,186.00420000000000,0.3556,23.901400000000000,2.0574000000000000,0.025400000000000000,10.252200000000000,689.0943000000000,59.316300000000000,0.7323000000000000,1.3174000000000000,0.11340000000000000,0.0014000000000000000,7.6221000000000000,0.0941,0.008100000000000000,7
1.51727,14.7,0.0,2.34,73.28,0.0,8.95,0.66,0.0,22.303869,0.0,3.5504118000000000,111.1855456,0.0,13.579566500000000,1.0013982,0.0,0.0,34.398000000000000,1077.216,0.0,131.56500000000000,9.702,0.0,0.0,0.0,0.0,0.0,0.0,0.0,171.4752,0.0,20.943000000000000,1.5444,0.0,0.0,655.856,48.3648,0.0,0.0,0.0,0.0,5.907,0.0,0.0,7
1.51531,14.38,0.0,2.66,73.1,0.04,9.08,0.64,0.0,21.7901578,0.0,4.0307246,110.76916100000000,0.0606124,13.7590148,0.9697984,0.0,0.0,38.250800000000000,1051.1780000000000,0.5752,130.5704,9.2032,0.0,0.0,0.0,0.0,0.0,0.0,0.0,194.446,0.10640000000000000,24.152800000000000,1.7024000000000000,0.0,2.924,663.7480000000000,46.784,0.0,0.3632,0.0256,0.0,5.8112,0.0,0.0,7
1.51609,15.01,0.0,2.51,73.05,0.05,8.83,0.53,0.0,22.7565109,0.0,3.8053859000000000,110.75037450000000,0.0758045,13.3870747,0.8035277,0.0,0.0,37.67510000000000,1096.4805,0.7505000000000000,132.5383,7.9553,0.0,0.0,0.0,0.0,0.0,0.0,0.0,183.35550000000000,0.1255,22.1633,1.3303,0.0,3.6525,645.0315000000000,38.7165,0.0,0.4415,0.026500000000000000,0.0,4.6799,0.0,0.0,7
1.51508,15.15,0.0,2.25,73.5,0.0,8.34,0.63,0.0,22.953462000000000,0.0,3.40893,111.35838,0.0,12.6357672,0.9545004,0.0,0.0,34.0875,1113.525,0.0,126.351,9.544500000000000,0.0,0.0,0.0,0.0,0.0,0.0,0.0,165.375,0.0,18.765,1.4175,0.0,0.0,612.99,46.305,0.0,0.0,0.0,0.0,5.2542,0.0,0.0,7
1.51653,11.95,0.0,1.19,75.18,2.7,8.93,0.0,0.0,18.1225335,0.0,1.8046707000000000,114.01272540000000,4.094631,13.542612900000000,0.0,0.0,0.0,14.220500000000000,898.4010000000000,32.265,106.7135,0.0,0.0,0.0,0.0,0.0,0.0,0.0,0.0,89.4642,3.213,10.6267,0.0,0.0,202.98600000000000,671.3574,0.0,0.0,24.111,0.0,0.0,0.0,0.0,0.0,7
1.51514,14.85,0.0,2.42,73.72,0.0,8.39,0.56,0.0,22.499829,0.0,3.6666388,111.69612080000000,0.0,12.7120246,0.8484784000000000,0.0,0.0,35.937,1094.742,0.0,124.59150000000000,8.316,0.0,0.0,0.0,0.0,0.0,0.0,0.0,178.4024,0.0,20.303800000000000,1.3552000000000000,0.0,0.0,618.5108,41.2832,0.0,0.0,0.0,0.0,4.6984,0.0,0.0,7
1.51658,14.8,0.0,1.99,73.11,0.0,8.28,1.71,0.0,22.445384,0.0,3.0179942,110.8771638,0.0,12.5572824,2.5933518,0.0,0.0,29.452,1082.028,0.0,122.544,25.308,0.0,0.0,0.0,0.0,0.0,0.0,0.0,145.4889,0.0,16.4772,3.4029,0.0,0.0,605.3508000000000,125.01810000000000,0.0,0.0,0.0,0.0,14.1588,0.0,0.0,7
1.51617,14.95,0.0,2.27,73.3,0.0,8.71,0.67,0.0,22.6667415,0.0,3.4417059,111.135261,0.0,13.205840700000000,1.0158339,0.0,0.0,33.936500000000000,1095.8350000000000,0.0,130.21450000000000,10.0165,0.0,0.0,0.0,0.0,0.0,0.0,0.0,166.391,0.0,19.771700000000000,1.5209000000000000,0.0,0.0,638.443,49.111000000000000,0.0,0.0,0.0,0.0,5.835700000000000,0.0,0.0,7
1.51732,14.95,0.0,1.8,72.99,0.0,8.61,1.55,0.0,22.683934,0.0,2.731176,110.74918680000000,0.0,13.0641252,2.351846,0.0,0.0,26.91,1091.2005,0.0,128.71950000000000,23.1725,0.0,0.0,0.0,0.0,0.0,0.0,0.0,131.382,0.0,15.498,2.79,0.0,0.0,628.4439000000000,113.13450000000000,0.0,0.0,0.0,0.0,13.3455,0.0,0.0,7
1.51645,14.94,0.0,1.87,73.11,0.0,8.67,1.38,0.0,22.655763,0.0,2.8357615000000000,110.8676595,0.0,13.147621500000000,2.092701,0.0,0.0,27.9378,1092.2634,0.0,129.5298,20.617200000000000,0.0,0.0,0.0,0.0,0.0,0.0,0.0,136.7157,0.0,16.2129,2.5806,0.0,0.0,633.8637,100.89180000000000,0.0,0.0,0.0,0.0,11.964600000000000,0.0,0.0,7
1.51831,14.39,0.0,1.82,72.86,1.41,6.47,2.88,0.0,21.848480900000000,0.0,2.7633242,110.6240666,2.1408171,9.8234657,4.3727328,0.0,0.0,26.1898,1048.4554,20.2899,93.1033,41.4432,0.0,0.0,0.0,0.0,0.0,0.0,0.0,132.6052,2.5662,11.7754,5.2416,0.0,102.73260000000000,471.4042,209.83680000000000,0.0,9.122700000000000,4.0608000000000000,0.0,18.633600000000000,0.0,0.0,7
1.5164,14.37,0.0,2.74,72.85,0.0,9.45,0.54,0.0,21.790668,0.0,4.154936,110.46974000000000,0.0,14.329980000000000,0.818856,0.0,0.0,39.3738,1046.8545,0.0,135.79650000000000,7.7598,0.0,0.0,0.0,0.0,0.0,0.0,0.0,199.609,0.0,25.893,1.4796000000000000,0.0,0.0,688.4325000000000,39.339,0.0,0.0,0.0,0.0,5.103,0.0,0.0,7
1.51623,14.14,0.0,2.88,72.61,0.08,9.18,1.06,0.0,21.4394922,0.0,4.3667424,110.09346030000000,0.1212984,13.9189914,1.6072038,0.0,0.0,40.7232,1026.7054,1.1312,129.8052,14.988400000000000,0.0,0.0,0.0,0.0,0.0,0.0,0.0,209.11680000000000,0.2304,26.438400000000000,3.0528,0.0,5.8088,666.5598,76.9666,0.0,0.7344000000000000,0.0848,0.0,9.7308,0.0,0.0,7
1.51685,14.92,0.0,1.99,73.06,0.0,8.4,1.59,0.0,22.631402,0.0,3.0185315,110.821061,0.0,12.74154,2.4117915,0.0,0.0,29.6908,1090.0552,0.0,125.328,23.7228,0.0,0.0,0.0,0.0,0.0,0.0,0.0,145.3894,0.0,16.716,3.1641000000000000,0.0,0.0,613.7040000000000,116.1654,0.0,0.0,0.0,0.0,13.356000000000000,0.0,0.0,7
1.52065,14.36,0.0,2.02,73.42,0.0,8.44,1.64,0.0,21.836534,0.0,3.0717130000000000,111.646123,0.0,12.834286,2.493866,0.0,0.0,29.007200000000000,1054.3112000000000,0.0,121.19840000000000,23.550400000000000,0.0,0.0,0.0,0.0,0.0,0.0,0.0,148.3084,0.0,17.0488,3.3128000000000000,0.0,0.0,619.6648,120.4088,0.0,0.0,0.0,0.0,13.841600000000000,0.0,0.0,7
1.51651,14.38,0.0,1.94,73.61,0.0,8.48,1.57,0.0,21.807413800000000,0.0,2.9420294,111.6303011,0.0,12.8600048,2.3809207000000000,0.0,0.0,27.8972,1058.5118,0.0,121.9424,22.576600000000000,0.0,0.0,0.0,0.0,0.0,0.0,0.0,142.80340000000000,0.0,16.4512,3.0458,0.0,0.0,624.2128,115.5677,0.0,0.0,0.0,0.0,13.313600000000000,0.0,0.0,7
1.51711,14.23,0.0,2.08,73.36,0.0,8.62,1.67,0.0,21.5884753,0.0,3.1555888,111.2951896,0.0,13.077488200000000,2.5335737,0.0,0.0,29.5984,1043.9128,0.0,122.6626,23.7641,0.0,0.0,0.0,0.0,0.0,0.0,0.0,152.5888,0.0,17.9296,3.4736,0.0,0.0,632.3632000000000,122.51120000000000,0.0,0.0,0.0,0.0,14.395400000000000,0.0,0.0,7