STG,SCG,STR,LPR,PEG,STG*SCG,STG*STR,STG*LPR,STG*PEG,SCG*STR,SCG*LPR,SCG*PEG,STR*LPR,STR*PEG,LPR*PEG
0.0,0.0,0.0,0.0,0.0,0.0,0.0,0.0,0.0,0.0,0.0,0.0,0.0,0.0,0.0
0.08,0.08,0.1,0.24,0.9,0.0064,0.008,0.0192,0.07200000000000001,0.008,0.0192,0.07200000000000001,0.024,0.09000000000000001,0.216
0.06,0.06,0.05,0.25,0.33,0.0036,0.003,0.015,0.0198,0.003,0.015,0.0198,0.0125,0.0165,0.0825
0.1,0.1,0.15,0.65,0.3,0.010000000000000002,0.015,0.065,0.03,0.015,0.065,0.03,0.0975,0.045,0.195
0.08,0.08,0.08,0.98,0.24,0.0064,0.0064,0.0784,0.0192,0.0064,0.0784,0.0192,0.0784,0.0192,0.2352
0.09,0.15,0.4,0.1,0.66,0.0135,0.036,0.009,0.0594,0.06,0.015,0.099,0.04000000000000001,0.264,0.066
0.1,0.1,0.43,0.29,0.56,0.010000000000000002,0.043000000000000003,0.028999999999999998,0.05600000000000001,0.043000000000000003,0.028999999999999998,0.05600000000000001,0.12469999999999999,0.24080000000000001,0.16240000000000002
0.15,0.02,0.34,0.4,0.01,0.003,0.051000000000000004,0.06,0.0015,0.0068000000000000005,0.008,0.0002,0.136,0.0034000000000000002,0.004
0.2,0.14,0.35,0.72,0.25,0.028000000000000004,0.06999999999999999,0.144,0.05,0.049,0.1008,0.035,0.252,0.0875,0.18
0.0,0.0,0.5,0.2,0.85,0.0,0.0,0.0,0.0,0.0,0.0,0.0,0.1,0.425,0.17
0.18,0.18,0.55,0.3,0.81,0.0324,0.099,0.054,0.1458,0.099,0.054,0.1458,0.165,0.44550000000000006,0.243
0.06,0.06,0.51,0.41,0.3,0.0036,0.0306,0.024599999999999997,0.018,0.0306,0.024599999999999997,0.018,0.20909999999999998,0.153,0.12299999999999998
0.1,0.1,0.52,0.78,0.34,0.010000000000000002,0.052000000000000005,0.07800000000000001,0.034,0.052000000000000005,0.07800000000000001,0.034,0.4056,0.1768,0.26520000000000005
0.1,0.1,0.7,0.15,0.9,0.010000000000000002,0.06999999999999999,0.015,0.09000000000000001,0.06999999999999999,0.015,0.09000000000000001,0.105,0.63,0.135
0.2,0.2,0.7,0.3,0.6,0.04000000000000001,0.13999999999999999,0.06,0.12,0.13999999999999999,0.06,0.12,0.21,0.42,0.18
0.12,0.12,0.75,0.35,0.8,0.0144,0.09,0.041999999999999996,0.096,0.09,0.041999999999999996,0.096,0.26249999999999996,0.6000000000000001,0.27999999999999997
0.05,0.07,0.7,0.01,0.05,0.0035000000000000005,0.034999999999999996,0.0005,0.0025000000000000005,0.049,0.0007000000000000001,0.0035000000000000005,0.006999999999999999,0.034999999999999996,0.0005
0.1,0.25,0.1,0.08,0.33,0.025,0.010000000000000002,0.008,0.033,0.025,0.02,0.0825,0.008,0.033,0.026400000000000003
0.15,0.32,0.05,0.27,0.29,0.048,0.0075,0.0405,0.0435,0.016,0.0864,0.0928,0.013500000000000002,0.014499999999999999,0.0783
0.2,0.29,0.25,0.49,0.56,0.057999999999999996,0.05,0.098,0.11200000000000002,0.0725,0.14209999999999998,0.16240000000000002,0.1225,0.14,0.27440000000000003
0.12,0.28,0.2,0.78,0.2,0.033600000000000005,0.024,0.0936,0.024,0.05600000000000001,0.21840000000000004,0.05600000000000001,0.15600000000000003,0.04000000000000001,0.15600000000000003
0.18,0.3,0.37,0.12,0.66,0.054,0.06659999999999999,0.021599999999999998,0.1188,0.111,0.036,0.198,0.044399999999999995,0.2442,0.0792
0.1,0.27,0.31,0.29,0.65,0.027000000000000003,0.031,0.028999999999999998,0.065,0.08370000000000001,0.0783,0.17550000000000002,0.0899,0.2015,0.1885
0.18,0.31,0.32,0.42,0.28,0.055799999999999995,0.0576,0.0756,0.0504,0.0992,0.13019999999999998,0.0868,0.1344,0.08960000000000001,0.11760000000000001
0.06,0.29,0.35,0.76,0.25,0.0174,0.020999999999999998,0.0456,0.015,0.10149999999999999,0.22039999999999998,0.0725,0.26599999999999996,0.0875,0.19
0.09,0.3,0.68,0.18,0.85,0.027,0.061200000000000004,0.0162,0.0765,0.20400000000000001,0.054,0.255,0.12240000000000001,0.5780000000000001,0.153
0.04,0.28,0.55,0.25,0.1,0.011200000000000002,0.022000000000000002,0.01,0.004,0.15400000000000003,0.07,0.028000000000000004,0.1375,0.05500000000000001,0.025
0.09,0.255,0.6,0.45,0.25,0.022949999999999998,0.054,0.0405,0.0225,0.153,0.11475,0.06375,0.27,0.15,0.1125
0.08,0.325,0.62,0.94,0.56,0.026000000000000002,0.0496,0.0752,0.044800000000000006,0.2015,0.3055,0.18200000000000002,0.5828,0.3472,0.5264
0.15,0.275,0.8,0.21,0.81,0.04125,0.12,0.0315,0.1215,0.22000000000000003,0.05775,0.22275000000000003,0.168,0.6480000000000001,0.1701
0.12,0.245,0.75,0.31,0.59,0.0294,0.09,0.0372,0.07079999999999999,0.18375,0.07595,0.14454999999999998,0.23249999999999998,0.4425,0.18289999999999998
0.15,0.295,0.75,0.65,0.24,0.04425,0.11249999999999999,0.0975,0.036,0.22125,0.19175,0.07079999999999999,0.48750000000000004,0.18,0.156
0.1,0.256,0.7,0.76,0.16,0.0256,0.06999999999999999,0.07600000000000001,0.016,0.1792,0.19456,0.04096,0.5319999999999999,0.11199999999999999,0.1216
0.18,0.32,0.04,0.19,0.82,0.0576,0.0072,0.0342,0.14759999999999998,0.0128,0.0608,0.26239999999999997,0.0076,0.032799999999999996,0.1558
0.2,0.45,0.28,0.31,0.78,0.09000000000000001,0.05600000000000001,0.062,0.15600000000000003,0.12600000000000003,0.1395,0.35100000000000003,0.0868,0.21840000000000004,0.24180000000000001
0.06,0.35,0.12,0.43,0.29,0.020999999999999998,0.0072,0.0258,0.0174,0.041999999999999996,0.1505,0.10149999999999999,0.0516,0.0348,0.12469999999999999
0.1,0.42,0.22,0.72,0.26,0.042,0.022000000000000002,0.072,0.026000000000000002,0.0924,0.3024,0.1092,0.15839999999999999,0.0572,0.1872
0.18,0.4,0.32,0.08,0.33,0.072,0.0576,0.0144,0.0594,0.128,0.032,0.132,0.0256,0.10560000000000001,0.026400000000000003
0.09,0.33,0.31,0.26,0.0,0.0297,0.027899999999999998,0.0234,0.0,0.1023,0.0858,0.0,0.0806,0.0,0.0
0.19,0.38,0.38,0.49,0.45,0.0722,0.0722,0.0931,0.0855,0.1444,0.1862,0.171,0.1862,0.171,0.2205
0.02,0.33,0.36,0.76,0.1,0.006600000000000001,0.0072,0.0152,0.002,0.1188,0.2508,0.033,0.2736,0.036,0.07600000000000001
0.2,0.49,0.6,0.2,0.78,0.098,0.12,0.04000000000000001,0.15600000000000003,0.294,0.098,0.3822,0.12,0.46799999999999997,0.15600000000000003
0.14,0.49,0.55,0.29,0.6,0.06860000000000001,0.07700000000000001,0.040600000000000004,0.084,0.2695,0.14209999999999998,0.294,0.1595,0.33,0.174
0.18,0.33,0.61,0.64,0.25,0.0594,0.1098,0.1152,0.045,0.2013,0.21120000000000003,0.0825,0.3904,0.1525,0.16
0.115,0.35,0.65,0.27,0.04,0.04025,0.07475000000000001,0.031050000000000005,0.0046,0.22749999999999998,0.0945,0.013999999999999999,0.17550000000000002,0.026000000000000002,0.0108
0.17,0.36,0.8,0.14,0.66,0.061200000000000004,0.136,0.023800000000000005,0.11220000000000001,0.288,0.0504,0.2376,0.11200000000000002,0.528,0.09240000000000001
0.1,0.39,0.75,0.31,0.62,0.03900000000000001,0.07500000000000001,0.031,0.062,0.2925,0.12090000000000001,0.24180000000000001,0.23249999999999998,0.46499999999999997,0.1922
0.13,0.39,0.85,0.38,0.77,0.0507,0.1105,0.0494,0.10010000000000001,0.3315,0.1482,0.3003,0.323,0.6545,0.2926
0.18,0.34,0.71,0.71,0.9,0.061200000000000004,0.1278,0.1278,0.162,0.2414,0.2414,0.30600000000000005,0.5041,0.639,0.639
0.09,0.51,0.02,0.18,0.67,0.045899999999999996,0.0018,0.0162,0.0603,0.0102,0.09179999999999999,0.3417,0.0036,0.0134,0.1206
0.06,0.5,0.09,0.28,0.25,0.03,0.005399999999999999,0.016800000000000002,0.015,0.045,0.14,0.125,0.0252,0.0225,0.07
0.23,0.7,0.19,0.51,0.45,0.161,0.0437,0.1173,0.10350000000000001,0.13299999999999998,0.357,0.315,0.0969,0.0855,0.2295
0.09,0.55,0.12,0.78,0.05,0.0495,0.010799999999999999,0.0702,0.0045,0.066,0.42900000000000005,0.027500000000000004,0.0936,0.006,0.03900000000000001
0.24,0.75,0.32,0.18,0.86,0.18,0.0768,0.043199999999999995,0.2064,0.24,0.135,0.645,0.0576,0.2752,0.1548
0.18,0.72,0.37,0.29,0.55,0.1296,0.06659999999999999,0.052199999999999996,0.099,0.26639999999999997,0.20879999999999999,0.396,0.10729999999999999,0.20350000000000001,0.1595
0.1,0.6,0.33,0.42,0.26,0.06,0.033,0.042,0.026000000000000002,0.198,0.252,0.156,0.1386,0.0858,0.1092
0.2,0.52,0.36,0.84,0.25,0.10400000000000001,0.072,0.168,0.05,0.1872,0.4368,0.13,0.3024,0.09,0.21
0.09,0.6,0.66,0.19,0.59,0.054,0.0594,0.0171,0.053099999999999994,0.396,0.11399999999999999,0.354,0.1254,0.3894,0.11209999999999999
0.18,0.51,0.58,0.33,0.82,0.09179999999999999,0.10439999999999999,0.0594,0.14759999999999998,0.2958,0.1683,0.41819999999999996,0.1914,0.4755999999999999,0.2706
0.08,0.58,0.6,0.64,0.1,0.0464,0.048,0.0512,0.008,0.348,0.3712,0.057999999999999996,0.384,0.06,0.064
0.09,0.61,0.53,0.75,0.01,0.0549,0.0477,0.0675,0.0009,0.32330000000000003,0.4575,0.0061,0.3975,0.0053,0.0075
0.06,0.77,0.72,0.19,0.56,0.0462,0.043199999999999995,0.0114,0.033600000000000005,0.5544,0.1463,0.4312,0.1368,0.4032,0.10640000000000001
0.15,0.79,0.78,0.3,0.51,0.1185,0.11699999999999999,0.045,0.0765,0.6162000000000001,0.237,0.40290000000000004,0.23399999999999999,0.39780000000000004,0.153
0.2,0.68,0.73,0.48,0.28,0.136,0.146,0.096,0.05600000000000001,0.4964,0.3264,0.19040000000000004,0.3504,0.20440000000000003,0.13440000000000002
0.24,0.58,0.76,0.8,0.28,0.1392,0.1824,0.192,0.06720000000000001,0.44079999999999997,0.46399999999999997,0.16240000000000002,0.6080000000000001,0.21280000000000002,0.22400000000000003
0.25,0.1,0.03,0.09,0.15,0.025,0.0075,0.0225,0.0375,0.003,0.009,0.015,0.0026999999999999997,0.0045,0.0135
0.32,0.2,0.06,0.26,0.24,0.064,0.0192,0.08320000000000001,0.0768,0.012,0.052000000000000005,0.048,0.0156,0.0144,0.0624
0.29,0.06,0.19,0.55,0.51,0.0174,0.055099999999999996,0.1595,0.1479,0.0114,0.033,0.0306,0.10450000000000001,0.0969,0.2805
0.28,0.1,0.12,0.28,0.32,0.028000000000000004,0.033600000000000005,0.07840000000000001,0.08960000000000001,0.012,0.028000000000000004,0.032,0.033600000000000005,0.0384,0.08960000000000001
0.3,0.08,0.4,0.02,0.67,0.024,0.12,0.006,0.201,0.032,0.0016,0.0536,0.008,0.268,0.0134
0.27,0.12,0.37,0.29,0.58,0.0324,0.0999,0.0783,0.1566,0.044399999999999995,0.0348,0.0696,0.10729999999999999,0.21459999999999999,0.1682
0.31,0.1,0.41,0.42,0.75,0.031,0.1271,0.13019999999999998,0.23249999999999998,0.041,0.042,0.07500000000000001,0.1722,0.3075,0.315
0.29,0.15,0.33,0.66,0.08,0.0435,0.0957,0.1914,0.0232,0.0495,0.099,0.012,0.21780000000000002,0.026400000000000003,0.05280000000000001
0.3,0.2,0.52,0.3,0.53,0.06,0.156,0.09,0.159,0.10400000000000001,0.06,0.10600000000000001,0.156,0.2756,0.159
0.28,0.16,0.69,0.33,0.78,0.044800000000000006,0.1932,0.09240000000000001,0.21840000000000004,0.1104,0.05280000000000001,0.12480000000000001,0.22769999999999999,0.5382,0.2574
0.255,0.18,0.5,0.4,0.1,0.045899999999999996,0.1275,0.10200000000000001,0.025500000000000002,0.09,0.072,0.018,0.2,0.05,0.04000000000000001
0.265,0.06,0.57,0.75,0.1,0.0159,0.15105,0.19875,0.026500000000000003,0.034199999999999994,0.045,0.006,0.4275,0.056999999999999995,0.07500000000000001
0.275,0.1,0.72,0.1,0.3,0.027500000000000004,0.198,0.027500000000000004,0.0825,0.072,0.010000000000000002,0.03,0.072,0.216,0.03
0.245,0.1,0.71,0.26,0.2,0.0245,0.17395,0.0637,0.049,0.071,0.026000000000000002,0.020000000000000004,0.1846,0.142,0.052000000000000005
0.295,0.2,0.86,0.44,0.28,0.059,0.2537,0.1298,0.0826,0.17200000000000001,0.08800000000000001,0.05600000000000001,0.3784,0.24080000000000001,0.12320000000000002
0.32,0.12,0.79,0.76,0.24,0.0384,0.2528,0.2432,0.0768,0.0948,0.0912,0.0288,0.6004,0.1896,0.1824
0.295,0.25,0.26,0.12,0.67,0.07375,0.0767,0.035399999999999994,0.19765,0.065,0.03,0.1675,0.0312,0.17420000000000002,0.0804
0.315,0.32,0.29,0.29,0.62,0.1008,0.09135,0.09135,0.1953,0.0928,0.0928,0.1984,0.0841,0.1798,0.1798
0.25,0.29,0.15,0.48,0.26,0.0725,0.0375,0.12,0.065,0.0435,0.1392,0.0754,0.072,0.039,0.1248
0.27,0.1,0.1,0.7,0.25,0.027000000000000003,0.027000000000000003,0.189,0.0675,0.010000000000000002,0.06999999999999999,0.025,0.06999999999999999,0.025,0.175
0.248,0.3,0.31,0.2,0.03,0.0744,0.07688,0.049600000000000005,0.0074399999999999996,0.093,0.06,0.009,0.062,0.0093,0.006
0.325,0.25,0.38,0.31,0.79,0.08125,0.12350000000000001,0.10075,0.25675000000000003,0.095,0.0775,0.1975,0.1178,0.3002,0.2449
0.27,0.31,0.32,0.41,0.28,0.08370000000000001,0.0864,0.1107,0.07560000000000001,0.0992,0.1271,0.0868,0.13119999999999998,0.08960000000000001,0.1148
0.29,0.29,0.4,0.78,0.18,0.0841,0.11599999999999999,0.22619999999999998,0.052199999999999996,0.11599999999999999,0.22619999999999998,0.052199999999999996,0.31200000000000006,0.072,0.1404
0.29,0.3,0.52,0.09,0.67,0.087,0.1508,0.026099999999999998,0.1943,0.156,0.027,0.201,0.0468,0.34840000000000004,0.0603
0.258,0.28,0.64,0.29,0.56,0.07224000000000001,0.16512000000000002,0.07482,0.14448000000000003,0.17920000000000003,0.08120000000000001,0.15680000000000002,0.1856,0.35840000000000005,0.16240000000000002
0.32,0.255,0.55,0.78,0.34,0.0816,0.17600000000000002,0.24960000000000002,0.10880000000000001,0.14025,0.19890000000000002,0.08670000000000001,0.42900000000000005,0.18700000000000003,0.26520000000000005
0.251,0.265,0.57,0.6,0.09,0.066515,0.14306999999999997,0.15059999999999998,0.02259,0.15105,0.159,0.02385,0.34199999999999997,0.05129999999999999,0.054
0.288,0.31,0.79,0.23,0.24,0.08928,0.22752,0.06624,0.06911999999999999,0.2449,0.0713,0.0744,0.18170000000000003,0.1896,0.0552
0.323,0.32,0.89,0.32,0.8,0.10336000000000001,0.28747,0.10336000000000001,0.2584,0.2848,0.1024,0.256,0.2848,0.7120000000000001,0.256
0.255,0.305,0.86,0.62,0.15,0.077775,0.2193,0.1581,0.03825,0.2623,0.1891,0.04575,0.5332,0.129,0.093
0.295,0.25,0.73,0.77,0.19,0.07375,0.21534999999999999,0.22715,0.056049999999999996,0.1825,0.1925,0.0475,0.5621,0.1387,0.1463
0.258,0.25,0.295,0.33,0.77,0.0645,0.07611,0.08514000000000001,0.19866,0.07375,0.0825,0.1925,0.09735,0.22715,0.2541
0.29,0.25,0.29,0.29,0.57,0.0725,0.0841,0.0841,0.16529999999999997,0.0725,0.0725,0.1425,0.0841,0.16529999999999997,0.16529999999999997
0.243,0.27,0.08,0.42,0.29,0.06561,0.01944,0.10206,0.07046999999999999,0.0216,0.1134,0.0783,0.0336,0.0232,0.12179999999999999
0.27,0.28,0.18,0.48,0.26,0.07560000000000001,0.048600000000000004,0.1296,0.07020000000000001,0.0504,0.13440000000000002,0.0728,0.08639999999999999,0.0468,0.1248
0.299,0.32,0.31,0.33,0.87,0.09568,0.09269,0.09867,0.26013,0.0992,0.10560000000000001,0.2784,0.1023,0.2697,0.2871
0.3,0.27,0.31,0.31,0.54,0.081,0.093,0.093,0.162,0.08370000000000001,0.08370000000000001,0.1458,0.0961,0.16740000000000002,0.16740000000000002
0.245,0.26,0.38,0.49,0.27,0.0637,0.0931,0.12004999999999999,0.06615,0.0988,0.1274,0.07020000000000001,0.1862,0.10260000000000001,0.1323
0.295,0.29,0.31,0.76,0.1,0.08554999999999999,0.09144999999999999,0.22419999999999998,0.0295,0.0899,0.22039999999999998,0.028999999999999998,0.2356,0.031,0.07600000000000001
0.29,0.3,0.56,0.25,0.67,0.087,0.16240000000000002,0.0725,0.1943,0.168,0.075,0.201,0.14,0.37520000000000003,0.1675
0.26,0.28,0.6,0.29,0.59,0.0728,0.156,0.0754,0.1534,0.168,0.08120000000000001,0.1652,0.174,0.354,0.17109999999999997
0.305,0.255,0.63,0.4,0.54,0.077775,0.19215,0.122,0.1647,0.16065000000000002,0.10200000000000001,0.13770000000000002,0.252,0.3402,0.21600000000000003
0.32,0.27,0.52,0.81,0.3,0.0864,0.16640000000000002,0.25920000000000004,0.096,0.14040000000000002,0.21870000000000003,0.081,0.4212,0.156,0.243
0.299,0.295,0.8,0.37,0.84,0.08820499999999999,0.2392,0.11062999999999999,0.25116,0.236,0.10915,0.24779999999999996,0.296,0.672,0.31079999999999997
0.276,0.255,0.81,0.27,0.33,0.07038000000000001,0.22356000000000004,0.07452000000000002,0.09108000000000001,0.20655,0.06885000000000001,0.08415,0.21870000000000003,0.26730000000000004,0.08910000000000001
0.258,0.31,0.88,0.4,0.3,0.07998,0.22704000000000002,0.10320000000000001,0.0774,0.2728,0.124,0.093,0.35200000000000004,0.264,0.12
0.32,0.28,0.72,0.89,0.58,0.08960000000000001,0.2304,0.2848,0.1856,0.2016,0.24920000000000003,0.16240000000000002,0.6408,0.41759999999999997,0.5162
0.329,0.55,0.02,0.4,0.79,0.18095000000000003,0.006580000000000001,0.13160000000000002,0.25991000000000003,0.011000000000000001,0.22000000000000003,0.43450000000000005,0.008,0.0158,0.31600000000000006
0.295,0.59,0.29,0.31,0.55,0.17404999999999998,0.08554999999999999,0.09144999999999999,0.16225,0.17109999999999997,0.18289999999999998,0.3245,0.0899,0.1595,0.1705
0.285,0.64,0.18,0.61,0.45,0.18239999999999998,0.05129999999999999,0.17384999999999998,0.12825,0.1152,0.3904,0.28800000000000003,0.1098,0.081,0.2745
0.265,0.6,0.28,0.66,0.07,0.159,0.07420000000000002,0.17490000000000003,0.018550000000000004,0.168,0.396,0.042,0.18480000000000002,0.019600000000000003,0.046200000000000005
0.315,0.69,0.28,0.8,0.7,0.21735,0.08820000000000001,0.252,0.22049999999999997,0.1932,0.5519999999999999,0.48299999999999993,0.22400000000000003,0.196,0.5599999999999999
0.28,0.78,0.44,0.17,0.66,0.21840000000000004,0.12320000000000002,0.04760000000000001,0.18480000000000002,0.3432,0.13260000000000002,0.5148,0.0748,0.2904,0.11220000000000001
0.325,0.61,0.46,0.32,0.81,0.19825,0.14950000000000002,0.10400000000000001,0.26325000000000004,0.2806,0.1952,0.49410000000000004,0.1472,0.37260000000000004,0.25920000000000004
0.28,0.65,0.4,0.65,0.13,0.18200000000000002,0.11200000000000002,0.18200000000000002,0.0364,0.26,0.42250000000000004,0.0845,0.26,0.052000000000000005,0.0845
0.255,0.75,0.35,0.72,0.25,0.19125,0.08925,0.18359999999999999,0.06375,0.26249999999999996,0.54,0.1875,0.252,0.0875,0.18
0.305,0.55,0.5,0.11,0.333,0.16775,0.1525,0.033549999999999996,0.101565,0.275,0.060500000000000005,0.18315000000000003,0.055,0.1665,0.03663
0.3,0.85,0.54,0.25,0.83,0.255,0.162,0.075,0.24899999999999997,0.459,0.2125,0.7054999999999999,0.135,0.4482,0.2075
0.325,0.9,0.52,0.49,0.76,0.29250000000000004,0.169,0.15925,0.24700000000000003,0.468,0.441,0.684,0.2548,0.3952,0.3724
0.312,0.8,0.67,0.92,0.5,0.24960000000000002,0.20904,0.28704,0.156,0.536,0.7360000000000001,0.4,0.6164000000000001,0.335,0.46
0.299,0.7,0.95,0.22,0.66,0.20929999999999999,0.28404999999999997,0.06577999999999999,0.19734,0.6649999999999999,0.154,0.46199999999999997,0.209,0.627,0.1452
0.265,0.76,0.8,0.28,0.28,0.20140000000000002,0.21200000000000002,0.07420000000000002,0.07420000000000002,0.6080000000000001,0.21280000000000002,0.21280000000000002,0.22400000000000003,0.22400000000000003,0.07840000000000001
0.255,0.72,0.72,0.63,0.14,0.18359999999999999,0.18359999999999999,0.16065000000000002,0.0357,0.5184,0.4536,0.1008,0.4536,0.1008,0.08820000000000001
0.295,0.6,0.72,0.88,0.28,0.177,0.21239999999999998,0.2596,0.0826,0.432,0.528,0.168,0.6335999999999999,0.2016,0.24640000000000004
0.39,0.05,0.02,0.06,0.34,0.019500000000000003,0.0078000000000000005,0.0234,0.13260000000000002,0.001,0.003,0.017,0.0012,0.0068000000000000005,0.0204
0.4,0.18,0.26,0.26,0.67,0.072,0.10400000000000001,0.10400000000000001,0.268,0.0468,0.0468,0.1206,0.06760000000000001,0.17420000000000002,0.17420000000000002
0.45,0.04,0.18,0.55,0.07,0.018000000000000002,0.081,0.24750000000000003,0.03150000000000001,0.0072,0.022000000000000002,0.0028000000000000004,0.099,0.0126,0.038500000000000006
0.48,0.12,0.28,0.7,0.71,0.0576,0.13440000000000002,0.33599999999999997,0.3408,0.033600000000000005,0.08399999999999999,0.0852,0.196,0.1988,0.49699999999999994
0.4,0.12,0.41,0.1,0.65,0.048,0.164,0.04000000000000001,0.26,0.049199999999999994,0.012,0.078,0.041,0.2665,0.065
0.41,0.18,0.33,0.31,0.5,0.07379999999999999,0.1353,0.1271,0.205,0.0594,0.055799999999999995,0.09,0.1023,0.165,0.155
0.38,0.1,0.4,0.48,0.26,0.038000000000000006,0.15200000000000002,0.1824,0.0988,0.04000000000000001,0.048,0.026000000000000002,0.192,0.10400000000000001,0.1248
0.37,0.06,0.32,0.78,0.1,0.022199999999999998,0.1184,0.2886,0.037,0.0192,0.0468,0.006,0.24960000000000002,0.032,0.07800000000000001
0.41,0.09,0.58,0.18,0.58,0.036899999999999995,0.23779999999999996,0.07379999999999999,0.23779999999999996,0.052199999999999996,0.0162,0.052199999999999996,0.10439999999999999,0.3364,0.10439999999999999
0.38,0.01,0.53,0.27,0.3,0.0038,0.20140000000000002,0.10260000000000001,0.11399999999999999,0.0053,0.0027,0.003,0.1431,0.159,0.081
0.33,0.04,0.5,0.55,0.1,0.013200000000000002,0.165,0.18150000000000002,0.033,0.02,0.022000000000000002,0.004,0.275,0.05,0.05500000000000001
0.42,0.15,0.66,0.78,0.4,0.063,0.2772,0.3276,0.168,0.099,0.11699999999999999,0.06,0.5148,0.264,0.31200000000000006
0.44,0.08,0.8,0.22,0.56,0.0352,0.35200000000000004,0.0968,0.24640000000000004,0.064,0.0176,0.044800000000000006,0.17600000000000002,0.44800000000000006,0.12320000000000002
0.39,0.15,0.81,0.22,0.29,0.058499999999999996,0.3159,0.0858,0.11309999999999999,0.1215,0.033,0.0435,0.17820000000000003,0.2349,0.0638
0.42,0.21,0.87,0.56,0.48,0.08819999999999999,0.3654,0.23520000000000002,0.20159999999999997,0.1827,0.11760000000000001,0.10079999999999999,0.4872,0.41759999999999997,0.26880000000000004
0.46,0.2,0.76,0.95,0.65,0.09200000000000001,0.3496,0.437,0.29900000000000004,0.15200000000000002,0.19,0.13,0.722,0.49400000000000005,0.6174999999999999
0.365,0.243,0.19,0.24,0.35,0.088695,0.06935,0.0876,0.12775,0.04617,0.05832,0.08504999999999999,0.0456,0.06649999999999999,0.08399999999999999
0.33,0.27,0.2,0.33,0.1,0.08910000000000001,0.066,0.10890000000000001,0.033,0.054000000000000006,0.08910000000000001,0.027000000000000003,0.066,0.020000000000000004,0.033
0.345,0.299,0.1,0.64,0.13,0.10315499999999998,0.034499999999999996,0.2208,0.04485,0.0299,0.19136,0.03887,0.064,0.013000000000000001,0.08320000000000001
0.48,0.3,0.15,0.65,0.77,0.144,0.072,0.312,0.3696,0.045,0.195,0.23099999999999998,0.0975,0.11549999999999999,0.5005000000000001
0.49,0.245,0.38,0.14,0.86,0.12004999999999999,0.1862,0.06860000000000001,0.4214,0.0931,0.034300000000000004,0.2107,0.053200000000000004,0.3268,0.12040000000000001
0.334,0.295,0.33,0.32,0.3,0.09853,0.11022000000000001,0.10688,0.1002,0.09735,0.0944,0.0885,0.10560000000000001,0.099,0.096
0.36,0.29,0.37,0.48,0.13,0.10439999999999999,0.13319999999999999,0.17279999999999998,0.0468,0.10729999999999999,0.1392,0.0377,0.17759999999999998,0.048100000000000004,0.0624
0.39,0.26,0.39,0.77,0.14,0.1014,0.1521,0.3003,0.05460000000000001,0.1014,0.20020000000000002,0.0364,0.3003,0.05460000000000001,0.1078
0.43,0.305,0.51,0.09,0.64,0.13115,0.2193,0.0387,0.2752,0.15555,0.02745,0.1952,0.045899999999999996,0.3264,0.0576
0.44,0.32,0.55,0.33,0.52,0.1408,0.24200000000000002,0.1452,0.2288,0.17600000000000002,0.10560000000000001,0.16640000000000002,0.18150000000000002,0.28600000000000003,0.1716
0.45,0.299,0.63,0.36,0.51,0.13455,0.28350000000000003,0.162,0.2295,0.18836999999999998,0.10763999999999999,0.15249,0.2268,0.32130000000000003,0.18359999999999999
0.495,0.276,0.58,0.77,0.83,0.13662000000000002,0.28709999999999997,0.38115,0.41085,0.16008,0.21252000000000001,0.22908,0.4466,0.48139999999999994,0.6391
0.465,0.258,0.73,0.18,0.59,0.11997000000000001,0.33945000000000003,0.0837,0.27435,0.18834,0.04644,0.15222,0.1314,0.43069999999999997,0.10619999999999999
0.475,0.32,0.79,0.31,0.54,0.152,0.37525,0.14725,0.2565,0.2528,0.0992,0.1728,0.2449,0.42660000000000003,0.16740000000000002
0.348,0.329,0.83,0.61,0.18,0.114492,0.28884,0.21227999999999997,0.06263999999999999,0.27307,0.20069,0.05922,0.5063,0.14939999999999998,0.1098
0.385,0.26,0.76,0.84,0.3,0.10010000000000001,0.2926,0.3234,0.11549999999999999,0.1976,0.2184,0.078,0.6384,0.22799999999999998,0.252
0.445,0.39,0.02,0.24,0.88,0.17355,0.0089,0.10679999999999999,0.3916,0.0078000000000000005,0.0936,0.3432,0.0048,0.0176,0.2112
0.43,0.45,0.27,0.27,0.89,0.1935,0.11610000000000001,0.11610000000000001,0.3827,0.12150000000000001,0.12150000000000001,0.4005,0.0729,0.2403,0.2403
0.33,0.34,0.1,0.49,0.12,0.11220000000000001,0.033,0.1617,0.0396,0.034,0.1666,0.0408,0.049,0.012,0.0588
0.4,0.33,0.12,0.3,0.9,0.132,0.048,0.12,0.36000000000000004,0.0396,0.099,0.29700000000000004,0.036,0.108,0.27
0.34,0.4,0.38,0.2,0.61,0.136,0.1292,0.068,0.2074,0.15200000000000002,0.08000000000000002,0.244,0.07600000000000001,0.2318,0.122
0.38,0.36,0.46,0.49,0.78,0.1368,0.1748,0.1862,0.2964,0.1656,0.1764,0.2808,0.22540000000000002,0.3588,0.3822
0.35,0.38,0.32,0.6,0.16,0.13299999999999998,0.11199999999999999,0.21,0.055999999999999994,0.1216,0.22799999999999998,0.0608,0.192,0.0512,0.096
0.41,0.49,0.34,0.21,0.92,0.2009,0.1394,0.0861,0.3772,0.1666,0.10289999999999999,0.45080000000000003,0.0714,0.3128,0.1932
0.42,0.36,0.63,0.04,0.25,0.1512,0.2646,0.0168,0.105,0.2268,0.0144,0.09,0.0252,0.1575,0.01
0.43,0.38,0.62,0.33,0.49,0.1634,0.2666,0.1419,0.2107,0.2356,0.1254,0.1862,0.2046,0.3038,0.1617
0.44,0.33,0.59,0.53,0.85,0.1452,0.2596,0.23320000000000002,0.374,0.1947,0.17490000000000003,0.2805,0.3127,0.5015,0.4505
0.4,0.42,0.58,0.75,0.16,0.168,0.23199999999999998,0.30000000000000004,0.064,0.24359999999999998,0.315,0.0672,0.43499999999999994,0.0928,0.12
0.46,0.44,0.89,0.12,0.66,0.2024,0.40940000000000004,0.0552,0.30360000000000004,0.3916,0.0528,0.2904,0.10679999999999999,0.5874,0.0792
0.38,0.39,0.79,0.33,0.3,0.1482,0.3002,0.1254,0.11399999999999999,0.30810000000000004,0.1287,0.11699999999999999,0.26070000000000004,0.237,0.099
0.39,0.42,0.83,0.65,0.19,0.1638,0.3237,0.2535,0.0741,0.34859999999999997,0.273,0.0798,0.5395,0.1577,0.12350000000000001
0.49,0.34,0.88,0.75,0.71,0.1666,0.43119999999999997,0.3675,0.3479,0.2992,0.255,0.2414,0.66,0.6248,0.5325
0.46,0.64,0.22,0.22,0.6,0.2944,0.1012,0.1012,0.276,0.1408,0.1408,0.384,0.0484,0.132,0.132
0.44,0.55,0.11,0.26,0.83,0.24200000000000002,0.0484,0.1144,0.36519999999999997,0.060500000000000005,0.14300000000000002,0.4565,0.0286,0.09129999999999999,0.2158
0.365,0.68,0.1,0.63,0.18,0.2482,0.0365,0.22995,0.0657,0.068,0.42840000000000006,0.12240000000000001,0.063,0.018,0.1134
0.45,0.65,0.19,0.99,0.55,0.29250000000000004,0.0855,0.4455,0.24750000000000003,0.12350000000000001,0.6435,0.35750000000000004,0.1881,0.10450000000000001,0.5445
0.46,0.78,0.38,0.24,0.89,0.3588,0.1748,0.1104,0.40940000000000004,0.2964,0.1872,0.6942,0.0912,0.3382,0.21359999999999998
0.37,0.55,0.41,0.29,0.3,0.20350000000000001,0.1517,0.10729999999999999,0.111,0.2255,0.1595,0.165,0.11889999999999998,0.12299999999999998,0.087
0.38,0.59,0.31,0.62,0.2,0.22419999999999998,0.1178,0.2356,0.07600000000000001,0.18289999999999998,0.36579999999999996,0.118,0.1922,0.062,0.124
0.49,0.64,0.34,0.78,0.21,0.3136,0.1666,0.3822,0.10289999999999999,0.21760000000000002,0.49920000000000003,0.1344,0.26520000000000005,0.0714,0.1638
0.495,0.82,0.67,0.01,0.93,0.4059,0.33165,0.00495,0.46035000000000004,0.5494,0.008199999999999999,0.7626,0.0067,0.6231000000000001,0.009300000000000001
0.44,0.69,0.61,0.29,0.57,0.3036,0.26839999999999997,0.1276,0.25079999999999997,0.42089999999999994,0.20009999999999997,0.3932999999999999,0.17689999999999997,0.34769999999999995,0.16529999999999997
0.365,0.57,0.59,0.55,0.25,0.20804999999999998,0.21534999999999999,0.20075,0.09125,0.33629999999999993,0.3135,0.1425,0.3245,0.1475,0.1375
0.49,0.9,0.52,0.9,0.47,0.441,0.2548,0.441,0.23029999999999998,0.468,0.81,0.423,0.468,0.2444,0.423
0.445,0.7,0.82,0.16,0.64,0.3115,0.3649,0.0712,0.2848,0.574,0.11199999999999999,0.44799999999999995,0.13119999999999998,0.5247999999999999,0.1024
0.42,0.7,0.72,0.3,0.8,0.294,0.3024,0.126,0.336,0.504,0.21,0.5599999999999999,0.216,0.576,0.24
0.37,0.6,0.77,0.4,0.5,0.222,0.2849,0.148,0.185,0.46199999999999997,0.24,0.3,0.30800000000000005,0.385,0.2
0.4,0.61,0.71,0.88,0.67,0.244,0.284,0.35200000000000004,0.268,0.4331,0.5367999999999999,0.4087,0.6248,0.4757,0.5896
0.6,0.14,0.22,0.11,0.66,0.084,0.132,0.066,0.396,0.030800000000000004,0.015400000000000002,0.09240000000000001,0.0242,0.1452,0.0726
0.55,0.1,0.27,0.25,0.29,0.05500000000000001,0.14850000000000002,0.1375,0.1595,0.027000000000000003,0.025,0.028999999999999998,0.0675,0.0783,0.0725
0.68,0.19,0.19,0.48,0.1,0.1292,0.1292,0.3264,0.068,0.0361,0.0912,0.019000000000000003,0.0912,0.019000000000000003,0.048
0.73,0.2,0.07,0.72,0.26,0.146,0.051100000000000007,0.5256,0.1898,0.014000000000000002,0.144,0.052000000000000005,0.0504,0.0182,0.1872
0.78,0.15,0.38,0.18,0.63,0.11699999999999999,0.2964,0.1404,0.4914,0.056999999999999995,0.027,0.0945,0.0684,0.2394,0.1134
0.55,0.1,0.34,0.3,0.1,0.05500000000000001,0.18700000000000003,0.165,0.05500000000000001,0.034,0.03,0.010000000000000002,0.10200000000000001,0.034,0.03
0.59,0.18,0.31,0.55,0.09,0.10619999999999999,0.18289999999999998,0.3245,0.053099999999999994,0.055799999999999995,0.099,0.0162,0.1705,0.027899999999999998,0.0495
0.64,0.09,0.33,0.65,0.5,0.0576,0.21120000000000003,0.41600000000000004,0.32,0.0297,0.058499999999999996,0.045,0.21450000000000002,0.165,0.325
0.6,0.19,0.55,0.08,0.1,0.11399999999999999,0.33,0.048,0.06,0.10450000000000001,0.0152,0.019000000000000003,0.044000000000000004,0.05500000000000001,0.008
0.69,0.02,0.62,0.3,0.29,0.0138,0.42779999999999996,0.207,0.20009999999999997,0.0124,0.006,0.0058,0.186,0.1798,0.087
0.78,0.21,0.68,0.65,0.75,0.1638,0.5304000000000001,0.507,0.585,0.1428,0.1365,0.1575,0.44200000000000006,0.51,0.48750000000000004
0.62,0.14,0.52,0.81,0.15,0.0868,0.3224,0.5022,0.093,0.0728,0.11340000000000001,0.021,0.4212,0.078,0.1215
0.7,0.18,0.88,0.09,0.66,0.126,0.616,0.063,0.46199999999999997,0.15839999999999999,0.0162,0.1188,0.07919999999999999,0.5808,0.0594
0.75,0.015,0.78,0.31,0.53,0.01125,0.585,0.23249999999999998,0.3975,0.0117,0.00465,0.00795,0.24180000000000001,0.41340000000000005,0.1643
0.55,0.17,0.71,0.48,0.11,0.09350000000000001,0.3905,0.264,0.060500000000000005,0.1207,0.0816,0.0187,0.3408,0.0781,0.0528
0.85,0.05,0.91,0.8,0.68,0.0425,0.7735,0.68,0.5780000000000001,0.045500000000000006,0.04000000000000001,0.034,0.7280000000000001,0.6188,0.544
0.78,0.27,0.13,0.14,0.62,0.2106,0.1014,0.10920000000000002,0.48360000000000003,0.035100000000000006,0.03780000000000001,0.16740000000000002,0.0182,0.0806,0.0868
0.8,0.29,0.06,0.31,0.51,0.23199999999999998,0.048,0.248,0.40800000000000003,0.0174,0.0899,0.1479,0.0186,0.0306,0.1581
0.9,0.26,0.19,0.58,0.79,0.234,0.171,0.522,0.7110000000000001,0.0494,0.1508,0.20540000000000003,0.11019999999999999,0.1501,0.4582
0.76,0.258,0.07,0.83,0.34,0.19608,0.053200000000000004,0.6308,0.2584,0.018060000000000003,0.21414,0.08772,0.058100000000000006,0.023800000000000005,0.2822
0.72,0.32,0.48,0.2,0.6,0.2304,0.34559999999999996,0.144,0.432,0.1536,0.064,0.192,0.096,0.288,0.12
0.6,0.251,0.39,0.29,0.3,0.15059999999999998,0.23399999999999999,0.174,0.18,0.09789,0.07279,0.07529999999999999,0.11309999999999999,0.11699999999999999,0.087
0.52,0.288,0.32,0.5,0.3,0.14976,0.16640000000000002,0.26,0.156,0.09215999999999999,0.144,0.08639999999999999,0.16,0.096,0.15
0.6,0.31,0.31,0.87,0.58,0.186,0.186,0.522,0.348,0.0961,0.2697,0.1798,0.2697,0.1798,0.5045999999999999
0.51,0.255,0.55,0.17,0.64,0.13005,0.2805,0.08670000000000001,0.3264,0.14025,0.04335000000000001,0.1632,0.09350000000000001,0.35200000000000004,0.10880000000000001
0.58,0.295,0.62,0.28,0.3,0.17109999999999997,0.3596,0.16240000000000002,0.174,0.18289999999999998,0.0826,0.0885,0.1736,0.186,0.084
0.61,0.258,0.56,0.62,0.24,0.15738,0.3416,0.3782,0.1464,0.14448000000000003,0.15996,0.06192,0.3472,0.13440000000000002,0.1488
0.77,0.267,0.59,0.78,0.28,0.20559000000000002,0.4543,0.6006,0.2156,0.15753,0.20826000000000003,0.07476000000000001,0.4602,0.1652,0.21840000000000004
0.79,0.28,0.88,0.2,0.66,0.22120000000000004,0.6952,0.15800000000000003,0.5214000000000001,0.24640000000000004,0.05600000000000001,0.18480000000000002,0.17600000000000002,0.5808,0.132
0.68,0.27,0.78,0.31,0.57,0.1836,0.5304000000000001,0.21080000000000002,0.3876,0.2106,0.08370000000000001,0.1539,0.24180000000000001,0.4446,0.1767
0.58,0.299,0.73,0.63,0.21,0.17342,0.42339999999999994,0.3654,0.12179999999999999,0.21827,0.18836999999999998,0.06279,0.4599,0.1533,0.1323
0.77,0.29,0.74,0.82,0.68,0.2233,0.5698,0.6314,0.5236000000000001,0.21459999999999999,0.23779999999999996,0.19720000000000001,0.6068,0.5032,0.5576
0.71,0.475,0.13,0.23,0.59,0.33725,0.0923,0.1633,0.41889999999999994,0.06175,0.10925,0.28025,0.029900000000000003,0.0767,0.1357
0.58,0.348,0.06,0.29,0.31,0.20183999999999996,0.0348,0.1682,0.1798,0.02088,0.10091999999999998,0.10787999999999999,0.0174,0.0186,0.0899
0.88,0.335,0.19,0.55,0.78,0.2948,0.16720000000000002,0.48400000000000004,0.6864,0.06365,0.18425000000000002,0.26130000000000003,0.10450000000000001,0.1482,0.42900000000000005
0.99,0.49,0.07,0.7,0.69,0.4851,0.0693,0.693,0.6830999999999999,0.034300000000000004,0.34299999999999997,0.33809999999999996,0.049,0.0483,0.48299999999999993
0.73,0.43,0.32,0.12,0.65,0.3139,0.2336,0.0876,0.4745,0.1376,0.0516,0.2795,0.0384,0.20800000000000002,0.078
0.61,0.33,0.36,0.28,0.28,0.2013,0.2196,0.1708,0.1708,0.1188,0.09240000000000001,0.09240000000000001,0.1008,0.1008,0.07840000000000001
0.51,0.4,0.4,0.59,0.23,0.20400000000000001,0.20400000000000001,0.3009,0.1173,0.16000000000000003,0.236,0.09200000000000001,0.236,0.09200000000000001,0.1357
0.83,0.44,0.49,0.91,0.66,0.36519999999999997,0.40669999999999995,0.7553,0.5478,0.21559999999999999,0.40040000000000003,0.2904,0.4459,0.3234,0.6006
0.66,0.38,0.55,0.15,0.62,0.2508,0.36300000000000004,0.099,0.4092,0.20900000000000002,0.056999999999999995,0.2356,0.0825,0.341,0.093
0.58,0.35,0.51,0.27,0.3,0.20299999999999999,0.2958,0.1566,0.174,0.1785,0.0945,0.105,0.13770000000000002,0.153,0.081
0.523,0.41,0.55,0.6,0.22,0.21442999999999998,0.28765,0.3138,0.11506000000000001,0.2255,0.24599999999999997,0.09019999999999999,0.33,0.12100000000000001,0.132
0.66,0.36,0.56,0.4,0.83,0.2376,0.36960000000000004,0.264,0.5478,0.2016,0.144,0.29879999999999995,0.22400000000000003,0.46480000000000005,0.332
0.62,0.37,0.81,0.13,0.64,0.2294,0.5022,0.0806,0.3968,0.2997,0.048100000000000004,0.2368,0.1053,0.5184000000000001,0.08320000000000001
0.52,0.44,0.82,0.3,0.52,0.2288,0.4264,0.156,0.27040000000000003,0.36079999999999995,0.132,0.2288,0.24599999999999997,0.4264,0.156
0.5,0.4,0.73,0.62,0.2,0.2,0.365,0.31,0.1,0.292,0.248,0.08000000000000002,0.4526,0.146,0.124
0.71,0.46,0.95,0.78,0.86,0.3266,0.6745,0.5538,0.6105999999999999,0.437,0.3588,0.3956,0.741,0.817,0.6708000000000001
0.64,0.55,0.15,0.18,0.63,0.35200000000000004,0.096,0.1152,0.4032,0.0825,0.099,0.34650000000000003,0.027,0.0945,0.1134
0.52,0.85,0.06,0.27,0.25,0.442,0.0312,0.14040000000000002,0.13,0.051,0.2295,0.2125,0.0162,0.015,0.0675
0.62,0.62,0.24,0.65,0.25,0.3844,0.1488,0.403,0.155,0.1488,0.403,0.155,0.156,0.06,0.1625
0.91,0.58,0.26,0.89,0.88,0.5277999999999999,0.2366,0.8099000000000001,0.8008000000000001,0.1508,0.5162,0.5104,0.23140000000000002,0.2288,0.7832
0.62,0.67,0.39,0.1,0.66,0.41540000000000005,0.24180000000000001,0.062,0.4092,0.26130000000000003,0.067,0.44220000000000004,0.03900000000000001,0.2574,0.066
0.58,0.58,0.31,0.29,0.29,0.3364,0.1798,0.1682,0.1682,0.1798,0.1682,0.1682,0.0899,0.0899,0.0841
0.89,0.68,0.49,0.65,0.9,0.6052000000000001,0.4361,0.5785,0.801,0.3332,0.44200000000000006,0.6120000000000001,0.3185,0.441,0.5850000000000001
0.72,0.6,0.45,0.79,0.45,0.432,0.324,0.5688,0.324,0.27,0.474,0.27,0.35550000000000004,0.2025,0.35550000000000004
0.68,0.63,0.65,0.09,0.66,0.42840000000000006,0.44200000000000006,0.061200000000000004,0.44880000000000003,0.40950000000000003,0.0567,0.4158,0.058499999999999996,0.42900000000000005,0.0594
0.56,0.6,0.6,0.31,0.5,0.336,0.336,0.1736,0.28,0.36,0.186,0.3,0.186,0.3,0.155
0.54,0.51,0.55,0.64,0.19,0.27540000000000003,0.29700000000000004,0.3456,0.10260000000000001,0.2805,0.3264,0.0969,0.35200000000000004,0.10450000000000001,0.1216
0.61,0.78,0.69,0.92,0.58,0.4758,0.42089999999999994,0.5612,0.35379999999999995,0.5382,0.7176,0.45239999999999997,0.6348,0.40019999999999994,0.5336
0.78,0.61,0.71,0.19,0.6,0.4758,0.5538,0.1482,0.46799999999999997,0.4331,0.1159,0.366,0.1349,0.426,0.11399999999999999
0.54,0.82,0.71,0.29,0.77,0.4428,0.3834,0.1566,0.41580000000000006,0.5821999999999999,0.23779999999999996,0.6314,0.20589999999999997,0.5467,0.2233
0.5,0.75,0.81,0.61,0.26,0.375,0.405,0.305,0.13,0.6075,0.4575,0.195,0.49410000000000004,0.2106,0.1586
0.66,0.9,0.76,0.87,0.74,0.5940000000000001,0.5016,0.5742,0.4884,0.684,0.783,0.666,0.6612,0.5624,0.6438
0.0,0.1,0.5,0.26,0.05,0.0,0.0,0.0,0.0,0.05,0.026000000000000002,0.005000000000000001,0.13,0.025,0.013000000000000001
0.05,0.05,0.55,0.6,0.14,0.0025000000000000005,0.027500000000000004,0.03,0.007000000000000001,0.027500000000000004,0.03,0.007000000000000001,0.33,0.07700000000000001,0.084
0.08,0.18,0.63,0.6,0.85,0.0144,0.0504,0.048,0.068,0.1134,0.108,0.153,0.378,0.5355,0.51
0.2,0.2,0.68,0.67,0.85,0.04000000000000001,0.136,0.134,0.17,0.136,0.134,0.17,0.45560000000000006,0.5780000000000001,0.5695
0.22,0.22,0.9,0.3,0.9,0.0484,0.198,0.066,0.198,0.198,0.066,0.198,0.27,0.81,0.27
0.14,0.14,0.7,0.5,0.3,0.019600000000000003,0.098,0.07,0.042,0.098,0.07,0.042,0.35,0.21,0.15
0.16,0.16,0.8,0.5,0.5,0.0256,0.128,0.08,0.08,0.128,0.08,0.08,0.4,0.4,0.25
0.12,0.12,0.75,0.68,0.15,0.0144,0.09,0.0816,0.018,0.09,0.0816,0.018,0.51,0.11249999999999999,0.10200000000000001
0.2,0.2,0.88,0.77,0.8,0.04000000000000001,0.17600000000000002,0.15400000000000003,0.16000000000000003,0.17600000000000002,0.15400000000000003,0.16000000000000003,0.6776,0.7040000000000001,0.6160000000000001
0.16,0.25,0.01,0.1,0.07,0.04,0.0016,0.016,0.011200000000000002,0.0025,0.025,0.0175,0.001,0.0007000000000000001,0.007000000000000001
0.11,0.29,0.2,0.05,0.66,0.0319,0.022000000000000002,0.0055000000000000005,0.0726,0.057999999999999996,0.014499999999999999,0.1914,0.010000000000000002,0.132,0.033
0.18,0.26,0.05,0.4,0.04,0.0468,0.009,0.072,0.0072,0.013000000000000001,0.10400000000000001,0.010400000000000001,0.020000000000000004,0.002,0.016
0.21,0.32,0.25,0.5,0.8,0.0672,0.0525,0.105,0.168,0.08,0.16,0.256,0.125,0.2,0.4
0.13,0.28,0.18,0.75,0.32,0.0364,0.0234,0.0975,0.041600000000000005,0.0504,0.21000000000000002,0.08960000000000001,0.135,0.0576,0.24
0.23,0.29,0.45,0.18,0.88,0.0667,0.10350000000000001,0.0414,0.2024,0.1305,0.052199999999999996,0.2552,0.081,0.396,0.15839999999999999
0.1,0.27,0.35,0.45,0.05,0.027000000000000003,0.034999999999999996,0.045000000000000005,0.005000000000000001,0.0945,0.12150000000000001,0.013500000000000002,0.1575,0.017499999999999998,0.022500000000000003
0.22,0.31,0.42,0.88,0.8,0.0682,0.0924,0.1936,0.17600000000000002,0.13019999999999998,0.2728,0.248,0.3696,0.336,0.7040000000000001
0.0,0.25,0.5,0.09,0.07,0.0,0.0,0.0,0.0,0.125,0.0225,0.0175,0.045,0.035,0.0063
0.05,0.29,0.58,0.14,0.32,0.014499999999999999,0.028999999999999998,0.007000000000000001,0.016,0.1682,0.040600000000000004,0.0928,0.08120000000000001,0.1856,0.044800000000000006
0.1,0.3,0.58,0.28,0.55,0.03,0.057999999999999996,0.028000000000000004,0.05500000000000001,0.174,0.084,0.165,0.16240000000000002,0.319,0.15400000000000003
0.2,0.32,0.65,0.31,0.89,0.064,0.13,0.062,0.17800000000000002,0.20800000000000002,0.0992,0.2848,0.2015,0.5785,0.2759
0.19,0.28,0.57,0.58,0.17,0.053200000000000004,0.1083,0.11019999999999999,0.0323,0.1596,0.16240000000000002,0.04760000000000001,0.33059999999999995,0.0969,0.09860000000000001
0.11,0.26,0.56,0.68,0.27,0.0286,0.06160000000000001,0.0748,0.0297,0.1456,0.1768,0.07020000000000001,0.3808000000000001,0.15120000000000003,0.1836
0.12,0.28,0.7,0.16,0.32,0.033600000000000005,0.08399999999999999,0.0192,0.0384,0.196,0.044800000000000006,0.08960000000000001,0.11199999999999999,0.22399999999999998,0.0512
0.18,0.29,0.78,0.15,0.61,0.052199999999999996,0.1404,0.027,0.1098,0.22619999999999998,0.0435,0.17689999999999997,0.11699999999999999,0.4758,0.0915
0.2,0.25,0.7,0.25,0.03,0.05,0.13999999999999999,0.05,0.006,0.175,0.0625,0.0075,0.175,0.020999999999999998,0.0075
0.16,0.28,0.72,0.27,0.32,0.044800000000000006,0.1152,0.0432,0.0512,0.2016,0.07560000000000001,0.08960000000000001,0.19440000000000002,0.2304,0.0864
0.11,0.3,0.79,0.8,0.32,0.033,0.0869,0.08800000000000001,0.0352,0.237,0.24,0.096,0.6320000000000001,0.2528,0.256
0.18,0.31,0.81,0.7,0.4,0.055799999999999995,0.1458,0.126,0.072,0.2511,0.217,0.124,0.567,0.32400000000000007,0.27999999999999997
0.1,0.33,0.02,0.0,0.25,0.033,0.002,0.0,0.025,0.006600000000000001,0.0,0.0825,0.0,0.005,0.0
0.18,0.37,0.11,0.28,0.3,0.06659999999999999,0.019799999999999998,0.0504,0.054,0.0407,0.10360000000000001,0.111,0.030800000000000004,0.033,0.084
0.13,0.4,0.17,0.25,0.38,0.052000000000000005,0.0221,0.0325,0.0494,0.068,0.1,0.15200000000000002,0.0425,0.0646,0.095
0.11,0.42,0.38,0.82,0.31,0.0462,0.041800000000000004,0.09019999999999999,0.0341,0.1596,0.3444,0.13019999999999998,0.3116,0.1178,0.2542
0.22,0.48,0.47,0.78,0.81,0.1056,0.10339999999999999,0.1716,0.17820000000000003,0.22559999999999997,0.3744,0.38880000000000003,0.3666,0.3807,0.6318
0.14,0.38,0.59,0.11,0.32,0.053200000000000004,0.0826,0.015400000000000002,0.044800000000000006,0.22419999999999998,0.041800000000000004,0.1216,0.0649,0.1888,0.0352
0.15,0.42,0.6,0.15,0.62,0.063,0.09,0.0225,0.093,0.252,0.063,0.26039999999999996,0.09,0.372,0.093
0.09,0.38,0.54,0.69,0.21,0.0342,0.048600000000000004,0.062099999999999995,0.0189,0.20520000000000002,0.2622,0.0798,0.3726,0.1134,0.14489999999999997
0.2,0.49,0.68,0.76,0.78,0.098,0.136,0.15200000000000002,0.15600000000000003,0.3332,0.3724,0.3822,0.5168,0.5304000000000001,0.5928
0.12,0.62,0.21,0.3,0.59,0.0744,0.025199999999999997,0.036,0.07079999999999999,0.13019999999999998,0.186,0.36579999999999996,0.063,0.12389999999999998,0.177
0.14,0.65,0.19,0.26,0.66,0.09100000000000001,0.026600000000000002,0.0364,0.09240000000000001,0.12350000000000001,0.169,0.42900000000000005,0.0494,0.1254,0.1716
0.16,0.51,0.09,0.38,0.1,0.0816,0.0144,0.0608,0.016,0.045899999999999996,0.1938,0.051000000000000004,0.0342,0.009,0.038000000000000006
0.12,0.56,0.13,0.48,0.32,0.06720000000000001,0.0156,0.0576,0.0384,0.0728,0.26880000000000004,0.17920000000000003,0.0624,0.041600000000000005,0.1536
0.2,0.85,0.24,0.79,0.85,0.17,0.048,0.15800000000000003,0.17,0.204,0.6715,0.7224999999999999,0.1896,0.204,0.6715
0.16,0.52,0.3,0.09,0.11,0.08320000000000001,0.048,0.0144,0.0176,0.156,0.0468,0.0572,0.027,0.033,0.009899999999999999
0.21,0.78,0.42,0.32,0.84,0.1638,0.08819999999999999,0.0672,0.17639999999999997,0.3276,0.24960000000000002,0.6552,0.1344,0.35279999999999995,0.2688
0.08,0.56,0.33,0.4,0.1,0.044800000000000006,0.026400000000000003,0.032,0.008,0.18480000000000002,0.22400000000000003,0.05600000000000001,0.132,0.033,0.04000000000000001
0.14,0.61,0.39,0.56,0.56,0.0854,0.05460000000000001,0.07840000000000001,0.07840000000000001,0.2379,0.3416,0.3416,0.21840000000000004,0.21840000000000004,0.31360000000000005
0.18,0.7,0.41,0.67,0.33,0.126,0.07379999999999999,0.1206,0.0594,0.287,0.469,0.23099999999999998,0.2747,0.1353,0.22110000000000002
0.22,0.8,0.44,0.78,0.88,0.17600000000000002,0.0968,0.1716,0.1936,0.35200000000000004,0.6240000000000001,0.7040000000000001,0.3432,0.3872,0.6864
0.1,0.6,0.51,0.1,0.01,0.06,0.051000000000000004,0.010000000000000002,0.001,0.306,0.06,0.006,0.051000000000000004,0.0051,0.001
0.15,0.67,0.56,0.07,0.66,0.1005,0.084,0.0105,0.099,0.37520000000000003,0.046900000000000004,0.44220000000000004,0.039200000000000006,0.36960000000000004,0.046200000000000005
0.0,0.62,0.52,0.26,0.07,0.0,0.0,0.0,0.0,0.3224,0.1612,0.0434,0.13520000000000001,0.0364,0.0182
0.11,0.88,0.67,0.66,0.89,0.0968,0.0737,0.0726,0.0979,0.5896,0.5808,0.7832,0.44220000000000004,0.5963,0.5874
0.08,0.56,0.7,0.14,0.1,0.044800000000000006,0.055999999999999994,0.011200000000000002,0.008,0.392,0.07840000000000001,0.05600000000000001,0.098,0.06999999999999999,0.014000000000000002
0.21,0.9,0.9,0.22,0.92,0.189,0.189,0.0462,0.1932,0.81,0.198,0.8280000000000001,0.198,0.8280000000000001,0.2024
0.08,0.58,0.71,0.27,0.09,0.0464,0.056799999999999996,0.0216,0.0072,0.41179999999999994,0.1566,0.052199999999999996,0.1917,0.0639,0.024300000000000002
0.13,0.62,0.77,0.28,0.31,0.0806,0.10010000000000001,0.0364,0.0403,0.4774,0.1736,0.1922,0.2156,0.2387,0.0868
0.21,0.88,0.87,0.56,0.95,0.1848,0.1827,0.11760000000000001,0.19949999999999998,0.7656,0.49280000000000007,0.836,0.4872,0.8265,0.532
0.22,0.86,0.83,0.89,0.65,0.1892,0.18259999999999998,0.1958,0.14300000000000002,0.7138,0.7654,0.559,0.7387,0.5395,0.5785
0.2,0.78,0.91,0.82,0.85,0.15600000000000003,0.18200000000000002,0.164,0.17,0.7098000000000001,0.6396,0.663,0.7462,0.7735,0.697
0.25,0.0,0.1,0.12,0.37,0.0,0.025,0.03,0.0925,0.0,0.0,0.0,0.012,0.037,0.044399999999999995
0.29,0.1,0.17,0.74,0.52,0.028999999999999998,0.049300000000000004,0.21459999999999999,0.1508,0.017,0.074,0.052000000000000005,0.1258,0.0884,0.38480000000000003
0.3,0.18,0.23,0.9,0.84,0.054,0.069,0.27,0.252,0.0414,0.162,0.1512,0.20700000000000002,0.1932,0.756
0.32,0.02,0.34,0.13,0.31,0.0064,0.10880000000000001,0.041600000000000005,0.0992,0.0068000000000000005,0.0026000000000000003,0.0062,0.0442,0.10540000000000001,0.0403
0.28,0.12,0.38,0.17,0.6,0.033600000000000005,0.10640000000000001,0.04760000000000001,0.168,0.0456,0.0204,0.072,0.0646,0.22799999999999998,0.10200000000000001
0.26,0.09,0.33,0.28,0.32,0.0234,0.0858,0.0728,0.08320000000000001,0.0297,0.0252,0.0288,0.09240000000000001,0.10560000000000001,0.08960000000000001
0.28,0.16,0.41,0.51,0.56,0.044800000000000006,0.1148,0.1428,0.15680000000000002,0.06559999999999999,0.0816,0.08960000000000001,0.20909999999999998,0.2296,0.2856
0.26,0.12,0.34,0.68,0.29,0.0312,0.0884,0.1768,0.0754,0.0408,0.0816,0.0348,0.23120000000000004,0.09860000000000001,0.19720000000000001
0.31,0.2,0.46,0.78,0.83,0.062,0.1426,0.24180000000000001,0.2573,0.09200000000000001,0.15600000000000003,0.166,0.3588,0.3818,0.6474
0.25,0.05,0.53,0.1,0.12,0.0125,0.1325,0.025,0.03,0.026500000000000003,0.005000000000000001,0.006,0.053000000000000005,0.0636,0.012
0.32,0.15,0.66,0.24,0.82,0.048,0.21120000000000003,0.0768,0.26239999999999997,0.099,0.036,0.12299999999999998,0.1584,0.5412,0.19679999999999997
0.28,0.08,0.52,0.25,0.08,0.022400000000000003,0.1456,0.07,0.022400000000000003,0.041600000000000005,0.02,0.0064,0.13,0.041600000000000005,0.02
0.33,0.2,0.64,0.59,0.94,0.066,0.21120000000000003,0.1947,0.3102,0.128,0.118,0.188,0.3776,0.6016,0.5546
0.31,0.15,0.58,0.76,0.52,0.0465,0.1798,0.2356,0.1612,0.087,0.11399999999999999,0.078,0.44079999999999997,0.3016,0.3952
0.28,0.06,0.7,0.27,0.32,0.016800000000000002,0.196,0.07560000000000001,0.08960000000000001,0.041999999999999996,0.0162,0.0192,0.189,0.22399999999999998,0.0864
0.3,0.16,0.89,0.32,0.95,0.048,0.267,0.096,0.285,0.1424,0.0512,0.152,0.2848,0.8454999999999999,0.304
0.27,0.03,0.76,0.59,0.23,0.0081,0.20520000000000002,0.1593,0.06210000000000001,0.0228,0.017699999999999997,0.0069,0.44839999999999997,0.1748,0.1357
0.32,0.2,0.84,0.81,0.8,0.064,0.2688,0.25920000000000004,0.256,0.168,0.16200000000000003,0.16000000000000003,0.6804,0.672,0.6480000000000001
0.31,0.32,0.29,0.31,0.96,0.0992,0.0899,0.0961,0.2976,0.0928,0.0992,0.3072,0.0899,0.2784,0.2976
0.28,0.29,0.19,0.37,0.58,0.08120000000000001,0.053200000000000004,0.10360000000000001,0.16240000000000002,0.055099999999999996,0.10729999999999999,0.1682,0.0703,0.11019999999999999,0.21459999999999999
0.32,0.31,0.26,0.83,0.77,0.0992,0.08320000000000001,0.2656,0.2464,0.0806,0.2573,0.2387,0.2158,0.20020000000000002,0.6391
0.25,0.28,0.3,0.001,0.25,0.07,0.075,0.00025,0.0625,0.084,0.00028000000000000003,0.07,0.0003,0.075,0.00025
0.26,0.26,0.31,0.26,0.13,0.06760000000000001,0.0806,0.06760000000000001,0.033800000000000004,0.0806,0.06760000000000001,0.033800000000000004,0.0806,0.0403,0.033800000000000004
0.27,0.29,0.34,0.28,0.32,0.0783,0.0918,0.07560000000000001,0.0864,0.09860000000000001,0.08120000000000001,0.0928,0.09520000000000002,0.10880000000000001,0.08960000000000001
0.28,0.28,0.38,0.29,0.62,0.07840000000000001,0.10640000000000001,0.08120000000000001,0.1736,0.10640000000000001,0.08120000000000001,0.1736,0.11019999999999999,0.2356,0.1798
0.26,0.26,0.35,0.62,0.24,0.06760000000000001,0.091,0.1612,0.0624,0.091,0.1612,0.0624,0.217,0.08399999999999999,0.1488
0.3,0.32,0.43,0.87,0.83,0.096,0.129,0.261,0.24899999999999997,0.1376,0.2784,0.2656,0.3741,0.3569,0.7221
0.25,0.26,0.51,0.04,0.13,0.065,0.1275,0.01,0.0325,0.1326,0.010400000000000001,0.033800000000000004,0.0204,0.0663,0.005200000000000001
0.28,0.27,0.56,0.14,0.31,0.07560000000000001,0.15680000000000002,0.039200000000000006,0.0868,0.15120000000000003,0.03780000000000001,0.08370000000000001,0.07840000000000001,0.1736,0.0434
0.31,0.32,0.69,0.3,0.98,0.0992,0.21389999999999998,0.093,0.3038,0.2208,0.096,0.3136,0.207,0.6761999999999999,0.294
0.28,0.29,0.57,0.6,0.27,0.08120000000000001,0.1596,0.168,0.07560000000000001,0.16529999999999997,0.174,0.0783,0.34199999999999997,0.1539,0.162
0.27,0.28,0.59,0.69,0.26,0.07560000000000001,0.1593,0.1863,0.07020000000000001,0.1652,0.1932,0.0728,0.40709999999999996,0.1534,0.1794
0.25,0.28,0.77,0.11,0.31,0.07,0.1925,0.0275,0.0775,0.2156,0.030800000000000004,0.0868,0.0847,0.2387,0.0341
0.25,0.54,0.31,0.25,0.08,0.135,0.0775,0.0625,0.02,0.16740000000000002,0.135,0.0432,0.0775,0.0248,0.02
0.29,0.66,0.35,0.28,0.31,0.1914,0.10149999999999999,0.08120000000000001,0.0899,0.23099999999999998,0.18480000000000002,0.2046,0.098,0.1085,0.0868
0.29,0.74,0.39,0.41,0.54,0.21459999999999999,0.11309999999999999,0.11889999999999998,0.1566,0.2886,0.3034,0.3996,0.1599,0.2106,0.2214
0.31,0.82,0.47,0.4,0.99,0.2542,0.1457,0.124,0.3069,0.38539999999999996,0.328,0.8118,0.188,0.4653,0.396
0.28,0.55,0.38,0.9,0.22,0.15400000000000003,0.10640000000000001,0.25200000000000006,0.06160000000000001,0.20900000000000002,0.49500000000000005,0.12100000000000001,0.342,0.08360000000000001,0.198
0.33,0.04,0.02,0.12,0.11,0.013200000000000002,0.006600000000000001,0.0396,0.0363,0.0008,0.0048,0.0044,0.0024,0.0022,0.0132
0.37,0.09,0.1,0.13,0.32,0.033299999999999996,0.037,0.048100000000000004,0.1184,0.009,0.0117,0.0288,0.013000000000000001,0.032,0.041600000000000005
0.4,0.15,0.16,0.3,0.58,0.06,0.064,0.12,0.23199999999999998,0.024,0.045,0.087,0.048,0.0928,0.174
0.37,0.07,0.1,0.41,0.3,0.025900000000000003,0.037,0.1517,0.111,0.007000000000000001,0.0287,0.021,0.041,0.03,0.12299999999999998
0.41,0.11,0.21,0.44,0.57,0.045099999999999994,0.0861,0.18039999999999998,0.23369999999999996,0.0231,0.0484,0.06269999999999999,0.0924,0.11969999999999999,0.25079999999999997
0.42,0.13,0.15,0.94,0.3,0.0546,0.063,0.3948,0.126,0.0195,0.1222,0.039,0.141,0.045,0.282
0.41,0.04,0.33,0.26,0.12,0.016399999999999998,0.1353,0.1066,0.049199999999999994,0.013200000000000002,0.010400000000000001,0.0048,0.0858,0.0396,0.0312
0.38,0.09,0.37,0.28,0.32,0.0342,0.1406,0.10640000000000001,0.1216,0.033299999999999996,0.0252,0.0288,0.10360000000000001,0.1184,0.08960000000000001
0.42,0.29,0.14,0.03,0.68,0.12179999999999999,0.058800000000000005,0.012599999999999998,0.2856,0.040600000000000004,0.0087,0.19720000000000001,0.004200000000000001,0.09520000000000002,0.0204
0.4,0.3,0.18,0.29,0.59,0.12,0.072,0.11599999999999999,0.236,0.054,0.087,0.177,0.052199999999999996,0.10619999999999999,0.17109999999999997
0.38,0.33,0.1,0.07,0.4,0.1254,0.038000000000000006,0.026600000000000002,0.15200000000000002,0.033,0.023100000000000002,0.132,0.007000000000000001,0.04000000000000001,0.028000000000000004
0.47,0.47,0.25,0.96,0.61,0.22089999999999999,0.1175,0.45119999999999993,0.28669999999999995,0.1175,0.45119999999999993,0.28669999999999995,0.24,0.1525,0.5856
0.41,0.37,0.79,0.12,0.32,0.1517,0.3239,0.049199999999999994,0.13119999999999998,0.2923,0.044399999999999995,0.1184,0.0948,0.2528,0.0384
0.42,0.39,0.78,0.32,0.2,0.1638,0.3276,0.1344,0.084,0.3042,0.12480000000000001,0.07800000000000001,0.24960000000000002,0.15600000000000003,0.064
0.36,0.52,0.07,0.1,0.15,0.1872,0.0252,0.036,0.054,0.0364,0.052000000000000005,0.078,0.007000000000000001,0.0105,0.015
0.4,0.59,0.77,0.99,0.24,0.236,0.30800000000000005,0.396,0.096,0.4543,0.5841,0.14159999999999998,0.7623,0.1848,0.23759999999999998
0.43,0.65,0.76,0.94,0.29,0.2795,0.3268,0.40419999999999995,0.12469999999999999,0.49400000000000005,0.611,0.1885,0.7143999999999999,0.22039999999999998,0.27259999999999995
0.6,0.08,0.13,0.14,0.32,0.048,0.078,0.084,0.192,0.010400000000000001,0.011200000000000002,0.0256,0.0182,0.041600000000000005,0.044800000000000006
0.8,0.24,0.23,0.29,0.98,0.192,0.18400000000000002,0.23199999999999998,0.784,0.0552,0.0696,0.2352,0.0667,0.22540000000000002,0.28419999999999995
0.65,0.09,0.16,0.49,0.31,0.058499999999999996,0.10400000000000001,0.3185,0.2015,0.0144,0.0441,0.027899999999999998,0.0784,0.0496,0.1519
0.68,0.16,0.2,0.59,0.6,0.10880000000000001,0.136,0.4012,0.40800000000000003,0.032,0.0944,0.096,0.118,0.12,0.354
0.75,0.22,0.24,0.96,0.62,0.165,0.18,0.72,0.46499999999999997,0.0528,0.2112,0.1364,0.2304,0.1488,0.5952
0.87,0.23,0.25,0.85,0.8,0.2001,0.2175,0.7394999999999999,0.6960000000000001,0.0575,0.1955,0.18400000000000002,0.2125,0.2,0.68
0.52,0.08,0.33,0.07,0.09,0.041600000000000005,0.1716,0.0364,0.0468,0.026400000000000003,0.005600000000000001,0.0072,0.023100000000000002,0.0297,0.0063
0.62,0.12,0.36,0.36,0.32,0.0744,0.22319999999999998,0.22319999999999998,0.1984,0.043199999999999995,0.043199999999999995,0.0384,0.1296,0.1152,0.1152
0.68,0.15,0.58,0.35,0.6,0.10200000000000001,0.39440000000000003,0.238,0.40800000000000003,0.087,0.0525,0.09,0.20299999999999999,0.348,0.21
0.54,0.25,0.07,0.09,0.11,0.135,0.03780000000000001,0.048600000000000004,0.0594,0.0175,0.0225,0.0275,0.0063,0.007700000000000001,0.009899999999999999
0.9,0.31,0.24,0.3,0.97,0.279,0.216,0.27,0.873,0.0744,0.093,0.30069999999999997,0.072,0.23279999999999998,0.291
0.56,0.27,0.11,0.59,0.22,0.15120000000000003,0.06160000000000001,0.3304,0.12320000000000002,0.0297,0.1593,0.0594,0.0649,0.0242,0.1298
0.85,0.32,0.22,0.87,0.79,0.272,0.187,0.7394999999999999,0.6715,0.0704,0.2784,0.2528,0.1914,0.1738,0.6873
0.52,0.28,0.32,0.1,0.1,0.1456,0.16640000000000002,0.052000000000000005,0.052000000000000005,0.08960000000000001,0.028000000000000004,0.028000000000000004,0.032,0.032,0.010000000000000002
0.78,0.47,0.24,0.3,0.93,0.3666,0.1872,0.23399999999999999,0.7254,0.11279999999999998,0.141,0.4371,0.072,0.2232,0.279
0.56,0.35,0.1,0.62,0.23,0.196,0.05600000000000001,0.3472,0.12880000000000003,0.034999999999999996,0.217,0.0805,0.062,0.023000000000000003,0.1426
0.61,0.38,0.09,0.38,0.3,0.2318,0.0549,0.2318,0.183,0.0342,0.1444,0.11399999999999999,0.0342,0.027,0.11399999999999999
0.78,0.47,0.29,0.98,0.59,0.3666,0.22619999999999998,0.7644,0.4602,0.13629999999999998,0.46059999999999995,0.2773,0.28419999999999995,0.17109999999999997,0.5781999999999999
0.58,0.4,0.32,0.22,0.24,0.23199999999999998,0.1856,0.1276,0.1392,0.128,0.08800000000000001,0.096,0.0704,0.0768,0.0528
0.68,0.43,0.6,0.47,0.55,0.2924,0.40800000000000003,0.3196,0.37400000000000005,0.258,0.20209999999999997,0.23650000000000002,0.282,0.33,0.2585
0.57,0.37,0.75,0.27,0.32,0.21089999999999998,0.4275,0.1539,0.18239999999999998,0.27749999999999997,0.0999,0.1184,0.2025,0.24,0.0864
0.62,0.56,0.11,0.24,0.22,0.3472,0.0682,0.1488,0.1364,0.06160000000000001,0.13440000000000002,0.12320000000000002,0.0264,0.0242,0.0528
0.64,0.58,0.14,0.32,0.21,0.3712,0.08960000000000001,0.2048,0.1344,0.08120000000000001,0.1856,0.12179999999999999,0.044800000000000006,0.029400000000000003,0.0672
0.64,0.59,0.12,0.58,0.24,0.3776,0.0768,0.3712,0.1536,0.07079999999999999,0.34219999999999995,0.14159999999999998,0.0696,0.0288,0.1392
0.68,0.61,0.34,0.31,0.23,0.4148,0.23120000000000004,0.21080000000000002,0.1564,0.2074,0.1891,0.1403,0.10540000000000001,0.0782,0.0713
0.9,0.78,0.62,0.32,0.89,0.7020000000000001,0.558,0.28800000000000003,0.801,0.48360000000000003,0.24960000000000002,0.6942,0.1984,0.5518,0.2848
0.85,0.82,0.66,0.83,0.83,0.697,0.561,0.7054999999999999,0.7054999999999999,0.5412,0.6805999999999999,0.6805999999999999,0.5478,0.5478,0.6889
0.56,0.6,0.77,0.13,0.32,0.336,0.4312,0.0728,0.17920000000000003,0.46199999999999997,0.078,0.192,0.10010000000000001,0.2464,0.041600000000000005
0.66,0.68,0.81,0.57,0.57,0.44880000000000003,0.5346000000000001,0.3762,0.3762,0.5508000000000001,0.3876,0.3876,0.4617,0.4617,0.32489999999999997
0.68,0.64,0.79,0.97,0.24,0.43520000000000003,0.5372,0.6596000000000001,0.1632,0.5056,0.6208,0.1536,0.7663,0.1896,0.23279999999999998
