STG,SCG,STR,LPR,PEG,cos(2*pi*(STG-min(STG)+SCG-min(SCG)))/(max(STG)+max(SCG)-min(STG)-min(SCG)),cos(2*pi*(STG-min(STG)+STR-min(STR)))/(max(STG)+max(STR)-min(STG)-min(STR)),cos(2*pi*(STG-min(STG)+LPR-min(LPR)))/(max(STG)+max(LPR)-min(STG)-min(LPR)),cos(2*pi*(STG-min(STG)+PEG-min(PEG)))/(max(STG)+max(PEG)-min(STG)-min(PEG)),cos(2*pi*(SCG-min(SCG)+STR-min(STR)))/(max(SCG)+max(STR)-min(SCG)-min(STR)),cos(2*pi*(SCG-min(SCG)+LPR-min(LPR)))/(max(SCG)+max(LPR)-min(SCG)-min(LPR)),cos(2*pi*(SCG-min(SCG)+PEG-min(PEG)))/(max(SCG)+max(PEG)-min(SCG)-min(PEG)),cos(2*pi*(STR-min(STR)+LPR-min(LPR)))/(max(STR)+max(LPR)-min(STR)-min(LPR)),cos(2*pi*(STR-min(STR)+PEG-min(PEG)))/(max(STR)+max(PEG)-min(STR)-min(PEG)),cos(2*pi*(LPR-min(LPR)+PEG-min(PEG)))/(max(LPR)+max(PEG)-min(LPR)-min(PEG))
0.0,0.0,0.0,0.0,0.0,0.5291005291005291,0.5154639175257733,0.5050505050505051,0.5050505050505051,0.5405405405405405,0.5291005291005291,0.5291005291005291,0.5154639175257733,0.5154639175257733,0.5050505050505051
0.08,0.08,0.1,0.24,0.9,0.2835062407296278,0.21947386163148075,-0.21504004624498624,0.501068030966908,0.2301509684135528,-0.22528004844712843,0.5249284133939035,-0.27619937885515283,0.5154639175257733,0.32193130795388364
0.06,0.06,0.05,0.25,0.33,0.38569768646635527,0.3971717746266955,-0.18592149125488786,-0.3891481024120147,0.41649364474366984,-0.1947748956003587,-0.4076789644316344,-0.15928711050255018,-0.3757570244440265,-0.4425791313352846
0.1,0.1,0.15,0.65,0.3,0.1635010552248399,3.156306183369467e-17,-9.277627266267827e-17,-0.4085944416035088,3.3098562139117655e-17,-9.719419040852008e-17,-0.4280513197751044,0.15928711050255012,-0.4902353176779142,0.48033157388644115
0.08,0.08,0.08,0.98,0.24,0.2835062407296278,0.27619937885515294,0.4695840837819451,-0.21504004624498624,0.2896361053940522,0.4919452306287044,-0.22528004844712843,0.47926622983930484,-0.2194738616314808,0.09463702756854785
0.09,0.15,0.4,0.1,0.66,0.03322249710545688,-0.5144467672310679,0.1859214912548879,-9.277627266267827e-17,-0.5140846034027856,3.23980634695067e-17,0.19477489560035888,-0.5154639175257733,0.47926622983930484,0.031712383600663044
0.1,0.1,0.43,0.29,0.56,0.1635010552248399,-0.5063336343962312,-0.3891481024120147,-0.27061959342373554,-0.5309660814749668,-0.4076789644316344,-0.28350624072962766,-0.09658830648748692,0.5144467672310679,0.2968612385315524
0.15,0.02,0.34,0.4,0.01,0.25489612386334143,-0.5144467672310679,-0.4803315738864411,0.2706195934237357,-0.34455350797226464,-0.4636543280655363,0.5197287040892533,-0.03236624718005835,-0.3029820888105531,-0.4264282452030379
0.2,0.14,0.35,0.72,0.25,-0.2835062407296279,-0.4902353176779142,0.4425791313352844,-0.48033157388644115,-0.5394739072585252,0.3372613702374017,-0.4076789644316344,0.46640569714743296,-0.41701906926543686,0.4961046720851963
0.0,0.0,0.5,0.2,0.85,0.5291005291005291,-0.5154639175257733,0.1560691890782563,0.296861238531552,-0.5405405405405405,0.1635010552248399,0.31099748798543536,-0.1592871105025503,-0.302982088810553,0.48033157388644127
0.18,0.18,0.55,0.3,0.81,-0.3372613702374019,-0.06460475956922919,-0.501068030966908,0.5040539032466018,-0.06774769381854304,-0.5249284133939035,0.5280564700678685,0.30298208881055344,-0.3285690668807683,0.38914810241201464
0.06,0.06,0.51,0.41,0.3,0.38569768646635527,-0.46640569714743274,-0.49610467208519626,-0.32193130795388364,-0.4890957040356862,-0.5197287040892532,-0.3372613702374019,0.451704474249414,0.18975492406426717,-0.12560095311356329
0.1,0.1,0.52,0.78,0.34,0.1635010552248399,-0.3757570244440266,0.3681659734451572,-0.46958408378194516,-0.3940370959034657,0.38569768646635516,-0.49194523062870443,-0.15928711050255007,0.32856906688076803,0.368165973445157
0.1,0.1,0.7,0.15,0.9,0.1635010552248399,0.15928711050255012,3.092542422089276e-17,0.5050505050505051,0.16703621317564715,3.23980634695067e-17,0.5291005291005291,0.30298208881055305,-0.41701906926543697,0.48033157388644127
0.2,0.2,0.7,0.3,0.6,-0.4280513197751044,0.4170190692654365,-0.5050505050505051,0.15606918907825618,0.43730648344591716,-0.5291005291005291,0.1635010552248398,0.5154639175257733,-0.15928711050254918,0.4085944416035085
0.12,0.12,0.75,0.35,0.8,0.03322249710545688,0.35285933295293226,-0.49610467208519626,0.44257913133528465,0.370025462664156,-0.5197287040892532,0.46365432806553625,0.41701906926543664,-0.4902353176779143,0.2968612385315526
0.05,0.07,0.7,0.01,0.05,0.38569768646635527,-9.4689185501084e-17,0.4695840837819451,0.40859444160350883,0.06774769381854283,0.46365432806553625,0.38569768646635527,-0.1281906634870388,-9.4689185501084e-17,0.4695840837819451
0.1,0.25,0.1,0.08,0.33,-0.3109974879854354,0.15928711050255023,0.21504004624498618,-0.45698335983132304,-0.31772175799593133,-0.25489612386334143,-0.4636543280655362,0.21947386163148075,-0.4664056971474328,-0.4264282452030379
0.15,0.32,0.05,0.27,0.29,-0.5197287040892532,0.15928711050255023,-0.4425791313352847,-0.469584083781945,-0.37002546266415604,-0.4467343521174682,-0.4076789644316345,-0.2194738616314808,-0.27619937885515283,-0.46958408378194505
0.2,0.29,0.25,0.49,0.56,-0.5280564700678685,-0.49023531767791423,-0.1859214912548882,0.031712383600663044,-0.5235584654749357,0.0991435526908594,0.3109974879854358,-0.03236624718005835,0.18975492406426717,0.48033157388644127
0.12,0.28,0.2,0.78,0.2,-0.4280513197751044,-0.2194738616314808,0.4085944416035088,-0.21504004624498624,-0.5362782169267448,0.4919452306287044,-0.5249284133939036,0.5113993305744731,-0.4170190692654368,0.501068030966908
0.18,0.3,0.37,0.12,0.66,-0.5249284133939035,-0.4902353176779142,-0.15606918907825623,0.2706195934237357,-0.260407391406333,-0.4636543280655362,0.5124778630310216,-0.5144467672310679,0.5063336343962314,0.09463702756854761
0.1,0.27,0.31,0.29,0.65,-0.3621942359411051,-0.4352205801556779,-0.3891481024120147,-9.277627266267827e-17,-0.4736792865101965,-0.4919452306287043,0.46365432806553625,-0.41701906926543686,0.49926967068486133,0.469584083781945
0.18,0.31,0.32,0.42,0.28,-0.5280564700678685,-0.5154639175257733,-0.40859444160350883,-0.48918341471142984,-0.37002546266415615,-0.06631388019275376,-0.4467343521174682,-0.03236624718005835,-0.41701906926543675,-0.15606918907825634
0.06,0.29,0.35,0.76,0.25,-0.3109974879854354,-0.43522058015567777,0.21504004624498618,-0.18592149125488786,-0.344553507972265,0.5032045059762718,-0.5124778630310217,0.3971717746266957,-0.41701906926543686,0.5040539032466018
0.09,0.3,0.68,0.18,0.85,-0.4076789644316344,0.06460475956922898,-0.06329961291126483,0.469584083781945,0.5362782169267447,-0.5249284133939035,0.310997487985436,0.32856906688076803,-0.5063336343962312,0.4961046720851963
0.04,0.28,0.55,0.25,0.1,-0.22528004844712843,-0.4352205801556778,-0.12560095311356295,0.32193130795388364,0.2604073914063328,-0.5197287040892532,-0.38569768646635516,0.15928711050255012,-0.3029820888105532,-0.29686123853155205
0.09,0.255,0.6,0.45,0.25,-0.2973986126201747,-0.1897549240642673,-0.48918341471142984,-0.2706195934237356,0.3313011100826898,-0.14761434181969774,-0.5288394499289585,0.4902353176779143,0.30298208881055305,-0.15606918907825634
0.08,0.325,0.62,0.94,0.56,-0.43760876945744015,-0.1592871105025503,0.501068030966908,-0.32193130795388364,0.5085841994347164,-0.04979275836958385,0.39688416382563974,-0.479266229839305,0.21947386163148055,-0.5050505050505051
0.15,0.275,0.8,0.21,0.81,-0.4714320233800889,0.49023531767791423,-0.32193130795388364,0.4891834147114299,0.4816251482099284,-0.5267523622238518,0.45541906190684855,0.5144467672310679,-0.3971717746266952,0.501068030966908
0.12,0.245,0.75,0.31,0.59,-0.34990045784320195,0.35285933295293226,-0.45698335983132293,-0.12560095311356329,0.5402738164139089,-0.49782051267419336,0.26933408240760354,0.47926622983930484,-0.2761993788551521,0.4085944416035085
0.15,0.295,0.75,0.65,0.24,-0.49782051267419325,0.4170190692654368,0.15606918907825618,-0.3891481024120147,0.5190776679334829,0.4978205126741933,-0.5163580750998664,-0.41701906926543675,0.5144467672310679,0.3891481024120148
0.1,0.256,0.7,0.76,0.16,-0.32690984819594393,0.15928711050255012,0.32193130795388347,-0.031712383600663335,0.5200149576141003,0.5264291095139154,-0.4571023371390664,-0.49926967068486133,0.3285690668807677,0.44257913133528465
0.18,0.32,0.04,0.19,0.82,-0.5291005291005291,0.09658830648748697,-0.3457308615801458,0.5050505050505051,-0.34455350797226464,-0.5280564700678685,0.3372613702374023,0.064604759569229,0.3285690668807677,0.5040539032466018
0.2,0.45,0.28,0.31,0.78,-0.3109974879854356,-0.5113993305744732,-0.5040539032466018,0.501068030966908,-0.06774769381854304,0.03322249710545652,0.06631388019275382,-0.4352205801556778,0.47926622983930484,0.4264282452030379
0.06,0.35,0.12,0.43,0.29,-0.44673435211746815,0.21947386163148075,-0.5040539032466018,-0.29686123853155205,-0.5309660814749668,0.0991435526908594,-0.33726137023740227,-0.4902353176779142,-0.43522058015567777,-0.09463702756854779
0.1,0.42,0.22,0.72,0.26,-0.5249284133939036,-0.2194738616314808,0.21504004624498577,-0.32193130795388364,-0.34455350797226464,0.3372613702374023,-0.2252800484471285,0.4792662298393047,-0.5113993305744731,0.501068030966908
0.18,0.4,0.32,0.08,0.33,-0.4636543280655362,-0.5154639175257733,-0.031712383600663335,-0.5040539032466018,-0.10128719707336466,-0.5249284133939036,-0.06631388019275376,-0.4170190692654368,-0.3029820888105532,-0.4264282452030379
0.09,0.33,0.31,0.26,0.0,-0.4636543280655363,-0.4170190692654368,-0.29686123853155205,0.4264282452030379,-0.34455350797226464,-0.4467343521174682,-0.25489612386334143,-0.46640569714743274,-0.189754924064267,-0.031712383600663335
0.19,0.38,0.38,0.49,0.45,-0.4787444722042431,-0.46640569714743274,-0.21504004624498632,-0.32193130795388364,0.033940821367196124,0.36219423594110506,0.25489612386334165,0.35285933295293226,0.24832663613490502,0.469584083781945
0.02,0.33,0.36,0.76,0.1,-0.3109974879854354,-0.3757570244440265,0.09463702756854761,0.36816597344515734,-0.19898624469442086,0.44673435211746826,-0.47874447220424315,0.37575702444402626,-0.49926967068486133,0.32193130795388347
0.2,0.49,0.6,0.2,0.78,-0.19477489560035902,0.15928711050255012,-0.4085944416035088,0.501068030966908,0.4563934732443327,-0.19477489560035902,-0.0663138801927535,0.15928711050255012,-0.3757570244440261,0.501068030966908
0.14,0.49,0.55,0.29,0.6,-0.3621942359411052,-0.1897549240642669,-0.45698335983132293,-0.03171238360066323,0.5235584654749357,0.0991435526908594,0.4467343521174685,0.27619937885515294,0.30298208881055366,0.38914810241201453
0.18,0.33,0.61,0.64,0.25,-0.5280564700678685,0.12819066348703864,0.21504004624498618,-0.45698335983132293,0.5025818842639195,0.5197287040892533,-0.4636543280655362,1.5781530916847336e-16,0.3285690668807677,0.3891481024120148
0.115,0.35,0.65,0.27,0.04,-0.5163580750998663,0.04850943985490438,-0.3788439745608382,0.2838804938647124,0.5405405405405405,-0.38569768646635527,-0.4076789644316344,0.45170447424941423,-0.1897549240642669,-0.18592149125488786
0.17,0.36,0.8,0.14,0.66,-0.5197287040892532,0.5063336343962314,-0.18592149125488797,0.24330993641500795,0.2896361053940521,-0.5291005291005291,0.5249284133939036,0.4792662298393049,-0.49926967068486133,0.15606918907825618
0.1,0.39,0.75,0.31,0.62,-0.5280564700678685,0.30298208881055305,-0.4264282452030379,-0.09463702756854779,0.34455350797226464,-0.16350105522483996,0.5280564700678685,0.47926622983930484,-0.3528593329529326,0.45698335983132293
0.13,0.39,0.85,0.38,0.77,-0.5249284133939036,0.5113993305744731,-0.5040539032466018,0.4085944416035088,0.03394082136719639,0.06631388019275355,0.2835062407296277,0.06460475956922924,-0.3757570244440263,0.2968612385315526
0.18,0.34,0.71,0.71,0.9,-0.5249284133939036,0.3971717746266953,0.38914810241201453,0.44257913133528454,0.5140846034027857,0.5032045059762718,0.03322249710545678,-0.451704474249414,-0.39717177462669573,-0.38914810241201503
0.09,0.51,0.02,0.18,0.67,-0.42805131977510447,0.3971717746266955,-0.06329961291126483,0.031712383600663044,-0.5309660814749668,-0.19477489560035902,0.22528004844712818,0.15928711050255023,-0.1897549240642669,0.2968612385315524
0.06,0.5,0.09,0.28,0.25,-0.4919452306287043,0.3029820888105532,-0.27061959342373576,-0.18592149125488786,-0.4563934732443325,0.0991435526908594,-9.719419040852008e-17,-0.35285933295293237,-0.27619937885515283,-0.49610467208519626
0.23,0.7,0.19,0.51,0.45,0.478744472204243,-0.4517044742494143,-0.03171238360066323,-0.21504004624498593,0.4164936447436696,0.13158195088087588,0.310997487985436,-0.1592871105025503,-0.32856906688076787,0.4891834147114298
0.09,0.55,0.12,0.78,0.05,-0.3372613702374019,0.12819066348703864,0.34573086158014577,0.32193130795388364,-0.2604073914063326,-0.2548961238633416,-0.4280513197751043,0.4170190692654368,0.24832663613490485,0.24330993641500795
0.24,0.75,0.32,0.18,0.86,0.5280564700678685,-0.4792662298393048,-0.4425791313352846,0.4085944416035086,0.48909570403568625,0.478744472204243,-0.40767896443163476,-0.5154639175257733,0.219473861631481,0.48918341471142984
0.18,0.72,0.37,0.29,0.55,0.4280513197751041,-0.4902353176779142,-0.49610467208519626,-0.06329961291126496,0.4563934732443327,0.5280564700678685,-0.0663138801927535,-0.27619937885515317,0.45170447424941423,0.2706195934237357
0.1,0.6,0.33,0.42,0.26,-0.16350105522483996,-0.4664056971474328,-0.501068030966908,-0.32193130795388364,0.48909570403568614,0.5249284133939036,0.3372613702374017,-9.4689185501084e-17,-0.4352205801556778,-0.21504004624498632
0.2,0.52,0.36,0.84,0.25,-0.09914355269085959,-0.4792662298393048,0.48918341471142984,-0.48033157388644115,0.3940370959034656,-0.33726137023740166,0.06631388019275355,0.15928711050255037,-0.3971717746266955,0.4264282452030381
0.09,0.6,0.66,0.19,0.59,-0.19477489560035902,-9.4689185501084e-17,-0.09463702756854789,-0.21504004624498632,-0.033940821367196054,0.13158195088087563,0.19477489560035913,0.30298208881055344,1.5781530916847336e-16,0.09463702756854761
0.18,0.51,0.58,0.33,0.82,-0.19477489560035902,0.032366247180058164,-0.5040539032466018,0.5050505050505051,0.4563934732443327,0.2835062407296278,-0.2548961238633416,0.4352205801556777,-0.41701906926543675,0.2968612385315526
0.08,0.58,0.6,0.64,0.1,-0.2835062407296281,-0.2194738616314809,-0.09463702756854779,0.21504004624498618,0.230150968413553,0.09914355269085964,-0.2252800484471285,0.03236624718005841,-0.1592871105025503,-0.03171238360066323
0.09,0.61,0.53,0.75,0.01,-0.16350105522483996,-0.3757570244440266,0.27061959342373537,0.40859444160350883,0.34455350797226464,-0.33726137023740166,-0.38569768646635527,-0.09658830648748712,-0.4992696706848614,0.031712383600663044
0.06,0.77,0.72,0.19,0.56,0.25489612386334165,0.09658830648748674,3.092542422089276e-17,-0.3681659734451571,-0.5394739072585252,0.5124778630310216,-0.2548961238633416,0.4352205801556777,-0.09658830648748712,-9.277627266267827e-17
0.15,0.79,0.78,0.3,0.51,0.49194523062870443,0.4664056971474329,-0.4803315738864411,-0.27061959342373554,-0.48909570403568603,0.44673435211746826,-0.16350105522483974,0.4517044742494141,-0.12819066348703856,0.18592149125488805
0.2,0.68,0.73,0.48,0.28,0.3856976864663555,0.4664056971474327,-0.21504004624498632,-0.501068030966908,-0.45639347324433277,0.2835062407296277,0.5124778630310217,0.1281906634870389,0.5144467672310679,0.031712383600663044
0.24,0.58,0.76,0.8,0.28,0.22528004844712793,0.5154639175257733,0.48918341471142984,-0.501068030966908,-0.2896361053940514,-0.38569768646635477,0.3372613702374017,-0.479266229839305,0.4992696706848614,0.44257913133528454
0.25,0.1,0.03,0.09,0.15,-0.3109974879854354,-0.09658830648748702,-0.2706195934237356,-0.4085944416035088,0.37002546266415604,0.19477489560035877,3.23980634695067e-17,0.3757570244440266,0.21947386163148075,0.03171238360066339
0.32,0.2,0.06,0.26,0.24,-0.5249284133939036,-0.3757570244440265,-0.4425791313352846,-0.46958408378194505,-0.03394082136719643,-0.5124778630310217,-0.4919452306287044,-0.2194738616314808,-0.15928711050255018,-0.5050505050505051
0.29,0.06,0.19,0.55,0.51,-0.3109974879854354,-0.5113993305744731,0.2706195934237357,0.15606918907825618,3.3098562139117655e-17,-0.40767896443163437,-0.4787444722042431,-0.03236624718005835,-0.1592871105025503,0.4695840837819451
0.28,0.1,0.12,0.28,0.32,-0.38569768646635516,-0.4170190692654368,-0.46958408378194505,-0.4085944416035087,0.1012871970733647,-0.38569768646635516,-0.4636543280655363,-0.4170190692654368,-0.47926622983930484,-0.4085944416035087
0.3,0.08,0.4,0.02,0.67,-0.38569768646635516,-0.1592871105025503,-0.21504004624498624,0.4961046720851963,-0.5362782169267448,0.42805131977510447,-9.719419040852008e-17,-0.4517044742494143,0.4664056971474328,-0.18592149125488774
0.27,0.12,0.37,0.29,0.58,-0.4076789644316344,-0.32856906688076787,-0.46958408378194505,0.296861238531552,-0.5394739072585252,-0.44673435211746815,-0.16350105522483996,-0.27619937885515317,0.49023531767791423,0.34573086158014543
0.31,0.1,0.41,0.42,0.75,-0.44673435211746826,-0.09658830648748692,-0.06329961291126496,0.4695840837819451,-0.5394739072585252,-0.5249284133939036,0.31099748798543536,0.2483266361349046,0.2761993788551532,0.24330993641500817
0.29,0.15,0.33,0.66,0.08,-0.49194523062870427,-0.3757570244440266,0.48033157388644115,-0.3457308615801458,-0.5362782169267447,0.19477489560035888,0.0663138801927537,0.5144467672310679,-0.4352205801556779,-0.03171238360066323
0.3,0.2,0.52,0.3,0.53,-0.5291005291005291,0.21947386163148075,-0.40859444160350883,0.24330993641500795,-0.10128719707336466,-0.5291005291005291,-0.06631388019275376,0.21947386163148075,0.4902353176779143,0.24330993641500795
0.28,0.16,0.69,0.33,0.78,-0.49194523062870443,0.5063336343962314,-0.38914810241201464,0.4695840837819451,0.3177217579959313,-0.5280564700678685,0.49194523062870443,0.5113993305744732,-0.5063336343962312,0.38914810241201464
0.255,0.18,0.5,0.4,0.1,-0.4855844580338524,0.01619111292687007,-0.2838804938647126,-0.30954901699645265,-0.23015096841355293,-0.4636543280655362,-0.09914355269085968,0.4170190692654368,-0.41701906926543686,-0.5050505050505051
0.265,0.06,0.57,0.75,0.1,-0.2402066136188078,0.26239248234555196,0.5028090730318586,-0.3339958915776019,-0.37002546266415637,0.19477489560035888,0.2835062407296278,-0.21947386163148028,-0.24832663613490522,0.296861238531552
0.275,0.1,0.72,0.1,0.3,-0.3741305720563743,0.5152095671988307,-0.35712463696290275,-0.4500032950446304,0.23015096841355231,0.1635010552248399,-0.4280513197751044,0.21947386163148033,0.5113993305744732,-0.4085944416035088
0.245,0.1,0.71,0.26,0.2,-0.2973986126201747,0.4949967451943005,-0.5048012931140059,-0.47519230755263914,0.19898624469442025,-0.3372613702374019,-0.16350105522483996,0.5063336343962314,0.4352205801556777,-0.48918341471142984
0.295,0.2,0.86,0.44,0.28,-0.5288394499289585,0.2897336999237789,-0.047529451170967095,-0.4500032950446304,0.5025818842639196,-0.3372613702374019,-0.5249284133939036,-0.15928711050255007,0.32856906688076787,-0.09463702756854779
0.32,0.12,0.79,0.76,0.24,-0.4919452306287044,0.3971717746266954,0.44257913133528454,-0.46958408378194505,0.45639347324433255,0.38569768646635516,-0.3372613702374019,-0.4902353176779143,0.5063336343962314,0.5050505050505051
0.295,0.25,0.26,0.12,0.67,-0.5080918971835677,-0.484990087089807,-0.4347181954565371,0.4928872535044179,-0.5394739072585252,-0.3621942359411051,0.46365432806553625,-0.3757570244440265,0.4664056971474329,0.12560095311356312
0.315,0.32,0.29,0.29,0.62,-0.34990045784320206,-0.40729639813179924,-0.39906818806853056,0.46351243721413193,-0.41649364474366984,-0.4076789644316345,0.49194523062870427,-0.4517044742494143,0.4352205801556777,0.42642824520303774
0.25,0.29,0.15,0.48,0.26,-0.5124778630310217,-0.4170190692654368,-0.06329961291126496,-0.5040539032466018,-0.5025818842639195,0.06631388019275355,-0.5032045059762716,-0.3528593329529325,-0.4352205801556779,-0.03171238360066323
0.27,0.1,0.1,0.7,0.25,-0.3621942359411051,-0.35285933295293237,0.4961046720851963,-0.501068030966908,0.16703621317564726,0.1635010552248398,-0.3109974879854354,0.15928711050255012,-0.3029820888105531,0.48033157388644115
0.248,0.3,0.31,0.2,0.03,-0.5052193358447845,-0.4816128569363979,-0.47833247727007283,-0.08839548433094754,-0.41649364474366984,-0.5291005291005291,-0.25489612386334126,-0.5144467672310679,-0.27619937885515283,0.06329961291126478
0.325,0.25,0.38,0.31,0.79,-0.47143202338008894,-0.14380984847382924,-0.333995891577602,0.3788439745608381,-0.37002546266415615,-0.4919452306287043,0.5124778630310217,-0.1897549240642673,0.24832663613490524,0.4085944416035086
0.27,0.31,0.32,0.41,0.28,-0.4636543280655362,-0.4352205801556778,-0.21504004624498632,-0.4803315738864411,-0.37002546266415615,-0.09914355269085959,-0.4467343521174682,-0.06460475956922919,-0.41701906926543675,-0.1859214912548882
0.29,0.29,0.4,0.78,0.18,-0.4636543280655363,-0.1897549240642673,0.45698335983132304,-0.49610467208519626,-0.19898624469442086,0.47874447220424315,-0.5197287040892532,0.21947386163148055,-0.4517044742494142,0.4891834147114298
0.29,0.3,0.52,0.09,0.67,-0.4467343521174683,0.18975492406426717,-0.3681659734451572,0.4891834147114298,0.2301509684135528,-0.4076789644316344,0.5197287040892533,-0.3971717746266955,0.18975492406426742,0.031712383600663044
0.258,0.28,0.64,0.29,0.56,-0.5140908639760179,0.41317885818086414,-0.48225482057911256,0.20928059646125458,0.47367928651019653,-0.4787444722042431,0.2835062407296278,0.4664056971474327,0.15928711050254996,0.2968612385315524
0.32,0.255,0.55,0.78,0.34,-0.47143202338008894,0.35285933295293265,0.4085944416035086,-0.27061959342373554,0.18310157851096856,0.5163580750998663,-0.4376087694574402,-0.24832663613490497,0.39717177462669556,0.368165973445157
0.251,0.265,0.57,0.6,0.09,-0.5264291095139154,0.2224000235468859,0.2994226364449792,-0.2732935616802402,0.27515752202722743,0.34990045784320206,-0.3242894463772361,0.24832663613490524,-0.27619937885515317,-0.1859214912548882
0.288,0.31,0.79,0.23,0.24,-0.4319255294799915,0.45478929197678,-0.5018238942020244,-0.49725471440868957,0.43730648344591727,-0.5124778630310217,-0.5032045059762716,0.5113993305744732,0.5063336343962314,-0.49610467208519626
0.323,0.32,0.89,0.32,0.8,-0.3295173441736045,0.11875743643123228,-0.31453928307480433,0.36158408233425826,0.134426966035057,-0.3372613702374019,0.38569768646635494,0.1281906634870389,-0.18975492406426703,0.368165973445157
0.255,0.305,0.86,0.62,0.15,-0.4919452306287043,0.3866551905311647,0.35712463696290275,-0.41771746175482927,0.2751575220272277,0.47143202338008877,-0.5080918971835676,-0.5113993305744732,0.5144467672310679,0.06329961291126476
0.295,0.25,0.73,0.77,0.19,-0.5080918971835677,0.5091177013377,0.46351243721413204,-0.5028090730318586,0.5362782169267447,0.5249284133939036,-0.4919452306287044,-0.5154639175257733,0.451704474249414,0.4891834147114298
0.258,0.25,0.295,0.33,0.77,-0.528432252172496,-0.4871459150411366,-0.42979519282560186,0.4972547144086896,-0.5190776679334828,-0.4636543280655362,0.5249284133939036,-0.3644880315394576,0.4730693946824647,0.4085944416035086
0.29,0.25,0.29,0.29,0.57,-0.5124778630310217,-0.4517044742494143,-0.4425791313352847,0.32193130795388347,-0.5235584654749357,-0.5124778630310217,0.22528004844712793,-0.4517044742494143,0.3285690668807677,0.32193130795388347
0.243,0.27,0.08,0.42,0.29,-0.5273364698592751,-0.2282258922880935,-0.26253401142460076,-0.4942327799623597,-0.31772175799593133,-0.19477489560035902,-0.4919452306287043,-0.5154639175257733,-0.35285933295293237,-0.12560095311356329
0.27,0.28,0.18,0.48,0.26,-0.5032045059762716,-0.49023531767791423,-9.277627266267827e-17,-0.49610467208519626,-0.5235584654749357,0.03322249710545652,-0.5124778630310217,-0.27619937885515317,-0.47926622983930484,-0.03171238360066323
0.299,0.32,0.31,0.33,0.87,-0.3879657916521481,-0.39922838154573914,-0.34803727696330733,0.24608592208350108,-0.37002546266415615,-0.3109974879854356,0.19477489560035913,-0.32856906688076787,0.219473861631481,0.15606918907825643
0.3,0.27,0.31,0.31,0.54,-0.4787444722042431,-0.3971717746266955,-0.38914810241201475,0.2706195934237357,-0.4736792865101965,-0.4636543280655362,0.19477489560035888,-0.3757570244440266,0.30298208881055344,0.2968612385315524
0.245,0.26,0.38,0.49,0.27,-0.5288394499289585,-0.3644880315394576,-0.047529451170967095,-0.5028090730318586,-0.34455350797226464,-9.719419040852008e-17,-0.5197287040892532,0.35285933295293226,-0.3029820888105532,0.031712383600663044
0.295,0.29,0.31,0.76,0.1,-0.45541906190684855,-0.40729639813179924,0.4751923075526392,-0.3990681880685305,-0.4373064834459175,0.5032045059762718,-0.4076789644316344,0.4664056971474328,-0.4352205801556779,0.32193130795388347
0.29,0.3,0.56,0.25,0.67,-0.4467343521174683,0.30298208881055344,-0.48918341471142984,0.4891834147114298,0.3445535079722648,-0.5032045059762716,0.5197287040892533,0.18975492406426717,0.06460475956922924,0.44257913133528465
0.26,0.28,0.6,0.29,0.59,-0.5124778630310217,0.3285690668807677,-0.4803315738864411,0.296861238531552,0.3940370959034656,-0.4787444722042431,0.36219423594110506,0.3971717746266953,0.18975492406426742,0.3681659734451569
0.305,0.255,0.63,0.4,0.54,-0.4919452306287043,0.47306939468246456,-0.14090459900971147,0.2838804938647124,0.4054654430434914,-0.2973986126201751,0.14761434181969801,0.5063336343962314,0.24832663613490524,0.46958408378194516
0.32,0.27,0.52,0.81,0.3,-0.4467343521174682,0.27619937885515294,0.34573086158014565,-0.36816597344515734,0.13442696603505672,0.46365432806553614,-0.4787444722042431,-0.24832663613490497,0.21947386163148075,0.38914810241201464
0.299,0.295,0.8,0.37,0.84,-0.4394687297332343,0.4189145177490177,-0.246085922083501,0.324370026856861,0.44707058068895233,-0.2693340824076038,0.3499004578432023,0.24832663613490524,-0.3285690668807679,0.12560095311356334
0.276,0.255,0.81,0.27,0.33,-0.5190955118747799,0.44202404958435687,-0.4841019136451393,-0.39711536976596895,0.4960835814508008,-0.5225864235953109,-0.45541906190684855,0.4517044742494141,0.32856906688076787,-0.4085944416035087
0.258,0.31,0.88,0.4,0.3,-0.4815375506269817,0.33353400080899226,-0.2759567407748833,-0.4718833042710161,0.19898624469442094,-0.13158195088087582,-0.4076789644316345,-0.09658830648748712,0.219473861631481,-0.15606918907825634
0.32,0.28,0.72,0.89,0.58,-0.4280513197751043,0.4992696706848614,0.12560095311356334,0.4085944416035085,0.5405405405405405,0.2548961238633419,0.3372613702374017,-0.39717177462669573,-0.15928711050254918,-0.4961046720851962
0.329,0.55,0.02,0.4,0.79,0.38341435459632095,-0.3003559173549362,-0.06644664600620327,0.37033098294068706,-0.4890957040356862,0.5032045059762716,-0.2835062407296278,-0.4517044742494143,0.18975492406426717,0.18592149125488827
0.295,0.59,0.29,0.31,0.55,0.39688416382563974,-0.44368145721852775,-0.39906818806853056,0.2838804938647124,0.3940370959034652,0.4280513197751041,0.3372613702374019,-0.41701906926543686,0.27619937885515294,0.3219313079538838
0.285,0.64,0.18,0.61,0.45,0.47143202338008877,-0.5030498772880141,0.3990681880685305,-0.047529451170967095,0.2301509684135528,1.619903173475335e-16,0.44673435211746826,0.12819066348703864,-0.3528593329529325,0.4695840837819451
0.265,0.6,0.28,0.66,0.07,0.34990045784320206,-0.49499674519430054,0.4500032950446302,-0.25709162411634917,0.3940370959034656,-0.03322249710545646,-0.2548961238633418,0.4792662298393049,-0.3029820888105531,-0.06329961291126496
0.315,0.69,0.28,0.8,0.7,0.5288394499289585,-0.426330192925032,0.3788439745608381,0.5028090730318586,0.5309660814749668,-0.5280564700678685,-0.40767896443163393,0.4517044742494141,0.5113993305744731,-0.5050505050505051
0.28,0.78,0.44,0.17,0.66,0.4919452306287044,-0.09658830648748692,-0.48033157388644127,0.46958408378194516,0.10128719707336471,0.5032045059762716,-0.4919452306287044,-0.3971717746266955,0.41701906926543664,0.24330993641500795
0.325,0.61,0.46,0.32,0.81,0.4855844580338525,0.1124449697920324,-0.30954901699645276,0.33399589157760223,0.48909570403568625,0.478744472204243,-0.463654328065536,0.09658830648748674,-0.06460475956922893,0.34573086158014565
0.28,0.65,0.4,0.65,0.13,0.47874447220424327,-0.2194738616314805,0.45698335983132315,-0.4264282452030379,0.5140846034027857,-0.16350105522483974,0.0991435526908594,0.4902353176779143,-0.5063336343962312,0.09463702756854761
0.255,0.75,0.35,0.72,0.25,0.5288394499289585,-0.40729639813179924,0.4988324952500695,-0.5048012931140059,0.43730648344591727,-0.5197287040892531,0.5291005291005291,0.46640569714743296,-0.41701906926543686,0.4961046720851963
0.305,0.55,0.5,0.11,0.333,0.32428944637723606,0.17460717538417064,-0.4347181954565371,-0.326795940186588,0.5140846034027857,-0.28350624072962766,0.3924559644120314,-0.3971717746266955,0.25679644605128366,-0.47300499330716783
0.3,0.85,0.54,0.25,0.83,0.310997487985436,0.27619937885515294,-0.4803315738864411,0.34573086158014626,-0.41649364474366984,0.4280513197751042,-0.2252800484471291,0.12819066348703864,-0.3528593329529326,0.44257913133528454
0.325,0.9,0.52,0.49,0.76,0.08276955822234407,0.2897336999237787,0.20057974274483836,0.43471819545653734,-0.47367928651019625,-0.4076789644316345,-0.2835062407296274,0.5144467672310679,-0.09658830648748712,1.546271211044638e-16
0.312,0.8,0.67,0.92,0.5,0.4034087359848929,0.5121707786185611,0.05699817417852629,0.19180762400090987,-0.5309660814749669,-0.09914355269085924,-0.16350105522483974,-0.4352205801556779,0.24832663613490524,-0.4425791313352844
0.299,0.7,0.95,0.22,0.66,0.5290900851090672,0.003238734002865853,-0.5014558608938453,0.48838458977900756,-0.3177217579959316,0.463654328065536,-0.33726137023740166,0.24832663613490524,-0.39717177462669573,0.3681659734451572
0.265,0.76,0.8,0.28,0.28,0.522586423595311,0.4730693946824647,-0.48499681094795105,-0.48499681094795105,-0.5025818842639198,0.5124778630310217,0.5124778630310217,0.4517044742494141,0.4517044742494141,-0.46958408378194505
0.255,0.72,0.72,0.63,0.14,0.5225864235953109,0.5091177013376998,0.37884397456083796,-0.3990681880685305,-0.5025818842639196,-0.3109974879854353,0.3372613702374017,-0.302982088810553,0.3285690668807677,0.06329961291126476
0.295,0.6,0.72,0.88,0.28,0.4180714351194129,0.5131762704139589,0.22928813118158944,-0.4500032950446304,-0.23015096841355226,-0.5249284133939036,0.38569768646635516,-0.41701906926543697,0.5154639175257733,0.2706195934237356
0.39,0.05,0.02,0.06,0.34,-0.4919452306287044,-0.4352205801556779,-0.48033157388644115,-0.06329961291126496,0.4890957040356862,0.4076789644316345,-0.4076789644316344,0.45170447424941423,-0.32856906688076787,-0.4085944416035088
0.4,0.18,0.26,0.26,0.67,-0.4636543280655362,-0.2761993788551528,-0.27061959342373554,0.45698335983132304,-0.5025818842639196,-0.4919452306287044,0.3109974879854358,-0.5113993305744732,0.4664056971474329,0.45698335983132315
0.45,0.04,0.18,0.55,0.07,-0.5280564700678685,-0.3528593329529325,0.5050505050505051,-0.501068030966908,0.1012871970733647,-0.4467343521174682,0.4076789644316344,-0.06460475956922919,3.156306183369467e-17,-0.3681659734451571
0.48,0.12,0.28,0.7,0.71,-0.42805131977510447,0.032366247180058164,0.2150400462449864,0.18592149125488827,-0.43730648344591744,0.22528004844712793,0.2548961238633412,0.5113993305744731,0.5144467672310679,-0.42642824520303774
0.4,0.12,0.41,0.1,0.65,-0.5249284133939036,0.18975492406426717,-0.5050505050505051,0.48033157388644127,-0.5309660814749668,0.09914355269085963,0.06631388019275355,-0.5144467672310679,0.47926622983930484,-9.277627266267827e-17
0.41,0.18,0.33,0.31,0.5,-0.4467343521174683,-0.03236624718005835,-0.09463702756854779,0.42642824520303774,-0.5394739072585252,-0.5280564700678685,-0.2252800484471285,-0.32856906688076787,0.24832663613490502,0.18592149125488805
0.38,0.1,0.4,0.48,0.26,-0.5249284133939035,0.09658830648748674,0.32193130795388347,-0.32193130795388364,-0.5405405405405405,-0.4636543280655363,-0.3372613702374019,0.3757570244440265,-0.2761993788551528,-0.03171238360066323
0.37,0.06,0.32,0.78,0.1,-0.478744472204243,-0.1897549240642673,0.2968612385315526,-0.49610467208519626,-0.3940370959034656,0.2835062407296278,0.2835062407296278,0.41701906926543664,-0.4517044742494143,0.3681659734451572
0.41,0.09,0.58,0.18,0.58,-0.5291005291005291,0.5144467672310679,-0.42642824520303796,0.5040539032466018,-0.260407391406333,-0.06631388019275362,-0.2548961238633418,0.032366247180058164,0.2761993788551532,0.031712383600663044
0.38,0.01,0.53,0.27,0.3,-0.4076789644316344,0.435220580155678,-0.29686123853155216,-0.21504004624498632,-0.5235584654749357,-0.09914355269085968,-0.1947748956003587,0.15928711050255012,0.24832663613490502,-0.456983359831323
0.33,0.04,0.5,0.55,0.1,-0.3621942359411051,0.24832663613490502,0.3681659734451575,-0.45698335983132304,-0.5235584654749357,-0.4467343521174682,0.3372613702374019,0.4902353176779143,-0.41701906926543686,-0.29686123853155216
0.42,0.15,0.66,0.78,0.4,-0.4787444722042432,0.4517044742494141,0.15606918907825643,0.21504004624498618,0.1989862446944207,0.47874447220424327,-0.5032045059762716,-0.47926622983930484,0.47926622983930484,0.215040046244986
0.44,0.08,0.8,0.22,0.56,-0.5249284133939036,0.03236624718005841,-0.27061959342373554,0.5050505050505051,0.3940370959034656,-0.16350105522483985,-0.3372613702374019,0.5113993305744732,-0.3285690668807683,0.09463702756854761
0.39,0.15,0.81,0.22,0.29,-0.5124778630310217,0.15928711050254996,-0.38914810241201475,-0.21504004624498632,0.5235584654749358,-0.3621942359411051,-0.49194523062870427,0.5063336343962314,0.41701906926543664,-0.5040539032466018
0.42,0.21,0.87,0.56,0.48,-0.3621942359411052,-0.12819066348703856,0.501068030966908,0.4085944416035085,0.47367928651019636,0.06631388019275355,-0.19477489560035902,-0.46640569714743285,-0.302982088810553,0.48918341471142984
0.46,0.2,0.76,0.95,0.65,-0.28350624072962766,0.09658830648748698,-0.42642824520303774,0.38914810241201464,0.5235584654749357,0.310997487985436,0.3109974879854358,-0.12819066348703895,-0.43522058015567816,-0.40859444160350894
0.365,0.243,0.19,0.24,0.35,-0.41188481564392776,-0.484990087089807,-0.39906818806853056,-0.11017335424067841,-0.49334680400189335,-0.5260850742841264,-0.4413113405360695,-0.4664056971474327,-0.4992696706848614,-0.42642824520303796
0.33,0.27,0.2,0.33,0.1,-0.4280513197751043,-0.5063336343962312,-0.27061959342373554,-0.45698335983132304,-0.5309660814749668,-0.4280513197751043,-0.3621942359411051,-0.5063336343962312,-0.1592871105025503,-0.45698335983132304
0.345,0.299,0.1,0.64,0.13,-0.3269098481959443,-0.4849900870898069,0.5028090730318586,-0.4988324952500695,-0.43530155984384966,0.4907117213410907,-0.47731955522127123,-0.03236624718005835,0.064604759569229,0.06329961291126476
0.48,0.3,0.15,0.65,0.77,0.0991435526908594,-0.3528593329529325,0.34573086158014626,1.546271211044638e-16,-0.5140846034027856,0.5032045059762716,0.47874447220424315,0.15928711050255012,0.45170447424941423,-0.4425791313352844
0.49,0.245,0.38,0.14,0.86,-0.04979275836958458,0.35285933295293226,-0.34573086158014593,-0.29686123853155194,-0.3822198817224582,-0.39688416382563996,0.418071435119413,-0.5113993305744732,0.03236624718005841,0.5050505050505051
0.334,0.295,0.33,0.32,0.3,-0.3646104806282267,-0.2651750174131478,-0.2864994692559376,-0.33636963001729886,-0.3822198817224582,-0.39688416382564,-0.4376087694574402,-0.3029820888105532,-0.3528593329529325,-0.36816597344515734
0.36,0.29,0.37,0.48,0.13,-0.31099748798543597,-0.06460475956922919,0.27061959342373537,-0.5040539032466018,-0.2896361053940525,0.06631388019275355,-0.4636543280655362,0.30298208881055305,-0.5154639175257733,-0.38914810241201475
0.39,0.26,0.39,0.77,0.14,-0.3109974879854356,0.09658830648748674,0.2706195934237356,-0.49610467208519626,-0.3177217579959315,0.5197287040892533,-0.4280513197751044,0.27619937885515283,-0.5063336343962312,0.426428245203038
0.43,0.305,0.51,0.09,0.64,-0.04979275836958458,0.4792662298393047,-0.501068030966908,0.45698335983132304,0.21467453547825943,-0.4180714351194129,0.4978205126741933,-0.41701906926543686,0.30298208881055366,-0.06329961291126496
0.44,0.32,0.55,0.33,0.52,0.03322249710545652,0.5144467672310679,0.06329961291126476,0.4891834147114298,0.37002546266415637,-0.3109974879854356,0.2835062407296278,0.37575702444402675,0.4664056971474328,0.2968612385315524
0.45,0.299,0.63,0.36,0.51,-0.0033244147965919278,0.4517044742494141,0.18592149125488805,0.4891834147114298,0.4876399780368664,-0.2863075408078709,0.19168008820346324,0.5144467672310679,0.32856906688076787,0.34573086158014577
0.495,0.276,0.58,0.77,0.83,0.06961077200649846,0.4592817134991588,-0.04752945117096685,-0.22928813118158875,0.3339781692380186,0.5071543857234792,0.4160256254691108,-0.302982088810553,-0.4352205801556777,-0.40859444160350894
0.465,0.258,0.73,0.18,0.59,-0.0893298649273721,0.1746071753841709,-0.30954901699645276,0.4751923075526392,0.5390048109516832,-0.48945883959495123,0.3055940229747446,0.4352205801556777,-0.21947386163148028,0.06329961291126476
0.475,0.32,0.79,0.31,0.54,0.14761434181969754,-0.048509439854904315,0.11017335424067778,0.5028090730318586,0.41649364474366973,-0.3621942359411052,0.3372613702374021,0.41701906926543664,-0.24832663613490497,0.2968612385315524
0.348,0.329,0.83,0.61,0.18,-0.2342636143062971,0.22531740549017187,0.4875664842592291,-0.49725471440868957,0.29249797412263573,0.4907117213410907,-0.5282547884174471,-0.47926622983930484,0.5144467672310679,0.12560095311356312
0.385,0.26,0.76,0.84,0.3,-0.3242894463772362,0.31593147095514257,0.07900730557587388,-0.20057974274483853,0.5362782169267448,0.4280513197751042,-0.4919452306287043,-0.41701906926543697,0.47926622983930484,0.321931307953884
0.445,0.39,0.02,0.24,0.88,0.26933408240760354,-0.5030498772880142,-0.20057974274483853,-0.22928813118158875,-0.45639347324433244,-0.3621942359411052,-0.0663138801927535,-0.032366247180058455,0.4170190692654368,0.368165973445157
0.43,0.45,0.27,0.27,0.89,0.38569768646635516,-0.1592871105025503,-0.15606918907825634,-0.21504004624498652,-0.10128719707336466,-0.09914355269085959,-0.2835062407296278,-0.4992696706848614,0.27619937885515283,0.2706195934237356
0.33,0.34,0.1,0.49,0.12,-0.25489612386334143,-0.4664056971474328,0.21504004624498618,-0.48033157388644115,-0.5025818842639197,0.25489612386334165,-0.5124778630310217,-0.43522058015567794,0.09658830648748697,-0.38914810241201475
0.4,0.33,0.12,0.3,0.9,-0.06631388019275376,-0.5113993305744732,-0.15606918907825634,-0.15606918907825612,-0.5140846034027857,-0.3621942359411052,0.06631388019275382,-0.4517044742494142,0.5113993305744732,0.15606918907825643
0.34,0.4,0.38,0.2,0.61,-0.033222497105456716,-0.09658830648748692,-0.48918341471142984,0.48033157388644115,0.10128719707336446,-0.4280513197751043,0.5280564700678685,-0.4517044742494142,0.5144467672310679,0.18592149125488805
0.38,0.36,0.46,0.49,0.78,-0.033222497105456716,0.27619937885515294,0.34573086158014577,0.2706195934237356,0.2301509684135528,0.31099748798543536,0.3372613702374019,0.49023531767791423,0.03236624718005841,-0.06329961291126471
0.35,0.38,0.32,0.6,0.16,-0.06631388019275376,-0.24832663613490522,0.48033157388644115,-0.5040539032466018,-0.16703621317564732,0.5249284133939035,-0.5124778630310217,0.451704474249414,-0.5113993305744731,0.031712383600663044
0.41,0.49,0.34,0.21,0.92,0.4280513197751041,-9.4689185501084e-17,-0.36816597344515734,-0.2433099364150079,0.2604073914063328,-0.16350105522483996,-0.44673435211746854,-0.4902353176779142,-0.032366247180058094,0.34573086158014565
0.42,0.36,0.63,0.04,0.25,0.0991435526908594,0.4902353176779143,-0.4891834147114298,-0.24330993641500814,0.5394739072585252,-0.4280513197751044,-0.4076789644316345,-0.2483266361349048,0.3757570244440265,-0.12560095311356295
0.43,0.38,0.62,0.33,0.49,0.19477489560035888,0.4902353176779143,0.031712383600663044,0.4425791313352844,0.5405405405405405,-0.13158195088087582,0.36219423594110506,0.49023531767791423,0.3971717746266957,0.21504004624498618
0.44,0.33,0.59,0.53,0.85,0.06631388019275355,0.5063336343962314,0.4961046720851963,-0.12560095311356304,0.47367928651019625,0.3372613702374021,0.22528004844712862,0.37575702444402626,-0.47926622983930484,-0.36816597344515684
0.4,0.42,0.58,0.75,0.16,0.22528004844712837,0.5113993305744731,0.2968612385315526,-0.46958408378194505,0.5405405405405405,0.2548961238633419,-0.4636543280655363,-0.24832663613490497,-0.03236624718005835,0.426428245203038
0.46,0.44,0.89,0.12,0.66,0.4280513197751044,-0.302982088810553,-0.4425791313352846,0.368165973445157,-0.26040739140633273,-0.4919452306287043,0.4280513197751042,0.5144467672310679,-0.4902353176779143,0.09463702756854761
0.38,0.39,0.79,0.33,0.3,0.06631388019275355,0.24832663613490524,-0.12560095311356329,-0.21504004624498632,0.23015096841355256,-0.09914355269085959,-0.19477489560035902,0.37575702444402626,0.4352205801556779,-0.34573086158014593
0.39,0.42,0.83,0.65,0.19,0.19477489560035888,0.09658830648748698,0.48918341471142984,-0.4425791313352846,1.6549281069558827e-16,0.47874447220424315,-0.4076789644316345,-0.5113993305744732,0.5113993305744732,0.2706195934237357
0.49,0.34,0.88,0.75,0.71,0.25489612386334165,-0.3528593329529326,0.031712383600663294,0.15606918907825643,0.10128719707336471,0.44673435211746826,0.5032045059762718,-0.35285933295293287,-0.4352205801556783,-0.4891834147114298
0.46,0.64,0.22,0.22,0.6,0.4280513197751042,-0.2194738616314805,-0.21504004624498593,0.4695840837819451,0.34455350797226447,0.3372613702374017,0.03322249710545678,-0.47926622983930484,0.21947386163148033,0.21504004624498577
0.44,0.55,0.11,0.26,0.83,0.5280564700678685,-0.4902353176779142,-0.15606918907825634,-0.06329961291126471,-0.28963610539405205,0.19477489560035888,-0.38569768646635477,-0.35285933295293237,0.4792662298393047,0.4264282452030381
0.365,0.68,0.1,0.63,0.18,0.5080918971835678,-0.5030498772880141,0.5048012931140059,-0.4849968109479511,0.10128719707336446,-0.19477489560035835,0.3372613702374021,-0.06460475956922919,-0.09658830648748702,0.18592149125488805
0.45,0.65,0.19,0.99,0.55,0.4280513197751042,-0.32856906688076787,-0.4695840837819451,0.5050505050505051,0.2896361053940522,-0.33726137023740194,0.16350105522483963,0.219473861631481,-0.03236624718005835,-0.48918341471142984
0.46,0.78,0.38,0.24,0.89,0.03322249710545678,0.27619937885515294,-0.15606918907825634,-0.29686123853155194,0.2896361053940521,0.5249284133939036,-0.25489612386334193,-0.3757570244440266,-0.06460475956922893,0.34573086158014626
0.37,0.55,0.41,0.29,0.3,0.46365432806553625,0.09658830648748674,-0.2706195934237359,-0.24330993641500814,0.5235584654749357,0.2835062407296278,0.3109974879854358,-0.1592871105025503,-0.1281906634870388,-0.42642824520303796
0.38,0.59,0.31,0.62,0.2,0.5197287040892533,-0.1897549240642673,0.5050505050505051,-0.4425791313352846,0.43730648344591716,0.13158195088087588,0.13158195088087563,0.4664056971474327,-0.5144467672310679,0.21504004624498618
0.49,0.64,0.34,0.78,0.21,0.3621942359411056,0.24832663613490502,-0.06329961291126471,-0.15606918907825634,0.5362782169267447,-0.463654328065536,0.31099748798543536,0.37575702444402626,-0.4902353176779142,0.5040539032466018
0.495,0.82,0.67,0.01,0.93,-0.21013115906602103,0.26239248234555224,-0.5048012931140059,-0.4500032950446304,-0.5394739072585252,0.2548961238633412,-2.267864442865469e-16,-0.2194738616314805,-0.41701906926543697,0.46958408378194516
0.44,0.69,0.61,0.29,0.57,0.3621942359411056,0.4902353176779143,-0.06329961291126496,0.5040539032466018,-0.16703621317564615,0.5249284133939035,-0.033222497105455995,0.4170190692654365,0.219473861631481,0.32193130795388347
0.365,0.57,0.59,0.55,0.25,0.4855844580338523,0.4949967451943005,0.4347181954565372,-0.37884397456083824,0.28963610539405255,0.38569768646635494,0.22528004844712793,0.32856906688076787,0.27619937885515256,0.15606918907825618
0.49,0.9,0.52,0.9,0.47,-0.4076789644316345,0.5144467672310679,-0.38914810241201475,0.4891834147114298,-0.47367928651019625,0.16350105522483968,-0.36219423594110534,-0.451704474249414,0.5144467672310679,-0.34573086158014604
0.445,0.7,0.82,0.16,0.64,0.3242894463772363,-0.04850943985490386,-0.39906818806853056,0.43471819545653734,-0.5362782169267448,0.3372613702374017,-0.28350624072962705,0.5113993305744731,-0.49926967068486133,0.15606918907825618
0.42,0.7,0.72,0.3,0.8,0.38569768646635566,0.32856906688076826,-0.09463702756854779,0.09463702756854785,-0.47367928651019625,0.5291005291005291,-0.5291005291005291,0.5113993305744732,-0.5113993305744732,0.4085944416035086
0.37,0.6,0.77,0.4,0.5,0.5197287040892533,0.32856906688076787,0.06329961291126476,0.34573086158014577,-0.3700254626641563,0.5291005291005291,0.4280513197751042,0.24832663613490524,-0.06460475956922893,0.4085944416035088
0.4,0.61,0.71,0.88,0.67,0.5280564700678685,0.3971717746266957,-0.09463702756854799,0.45698335983132304,-0.23015096841355226,-0.5280564700678685,-0.0991435526908598,-0.4352205801556783,-0.3757570244440261,-0.48033157388644127
0.6,0.14,0.22,0.11,0.66,-0.033222497105456716,0.21947386163148033,-0.12560095311356329,-0.03171238360066298,-0.34455350797226464,3.23980634695067e-17,0.1635010552248398,-0.24832663613490485,0.3757570244440265,0.06329961291126476
0.55,0.1,0.27,0.25,0.29,-0.3109974879854356,0.21947386163148075,0.15606918907825618,0.2706195934237357,-0.37002546266415604,-0.3109974879854354,-0.4076789644316344,-0.5113993305744732,-0.4792662298393048,-0.48918341471142984
0.68,0.19,0.19,0.48,0.1,0.3621942359411054,0.35285933295293265,0.2706195934237356,0.09463702756854761,-0.3940370959034656,-0.2548961238633418,-0.13158195088087557,-0.24832663613490522,-0.1281906634870386,-0.4425791313352847
0.73,0.2,0.07,0.72,0.26,0.478744472204243,0.15928711050255012,-0.4803315738864411,0.5040539032466018,-0.0677476938185429,0.463654328065536,-0.5124778630310217,0.12819066348703864,-0.24832663613490485,0.501068030966908
0.78,0.15,0.38,0.18,0.63,0.47874447220424327,0.27619937885515283,0.4891834147114298,-0.4264282452030382,-0.5309660814749668,-0.25489612386334126,0.0991435526908594,-0.4792662298393048,0.5144467672310679,0.18592149125488805
0.55,0.1,0.34,0.3,0.1,-0.3109974879854356,0.39717177462669556,0.2968612385315524,-0.29686123853155216,-0.5025818842639197,-0.4280513197751044,0.1635010552248399,-0.32856906688076787,-0.4792662298393049,-0.4085944416035088
0.59,0.18,0.31,0.55,0.09,0.06631388019275355,0.4170190692654365,0.32193130795388364,-0.21504004624498632,-0.5394739072585252,-0.06631388019275376,-0.06631388019275362,0.32856906688076803,-0.4170190692654368,-0.32193130795388364
0.64,0.09,0.33,0.65,0.5,-0.06631388019275376,0.5063336343962314,-0.12560095311356304,0.32193130795388364,-0.4736792865101966,-0.033222497105456716,-0.4467343521174683,0.5113993305744731,0.24832663613490502,0.2968612385315526
0.6,0.19,0.55,0.08,0.1,0.13158195088087563,0.30298208881055366,-0.21504004624498632,-0.15606918907825634,-0.03394082136719632,-0.06631388019275362,-0.13158195088087557,-0.3528593329529325,-0.3029820888105532,0.21504004624498618
0.69,0.02,0.62,0.3,0.29,-0.13158195088087582,-0.18975492406426667,0.5040539032466018,0.501068030966908,-0.34455350797226464,-0.22528004844712843,-0.1947748956003587,0.451704474249414,0.4352205801556777,-0.42642824520303796
0.78,0.21,0.68,0.65,0.75,0.5280564700678685,-0.49926967068486133,-0.4569833598313231,-0.49610467208519626,0.4164936447436699,0.3372613702374017,0.5124778630310216,-0.24832663613490497,-0.46640569714743285,-0.4085944416035087
0.62,0.14,0.52,0.81,0.15,0.03322249710545652,0.32856906688076787,-0.4569833598313231,0.06329961291126476,-0.28963610539405205,0.5032045059762716,-0.13158195088087557,-0.24832663613490497,-0.2483266361349048,0.4891834147114299
0.7,0.18,0.88,0.09,0.66,0.3856976864663548,-0.4517044742494142,0.12560095311356267,-0.3219313079538834,0.5025818842639196,-0.06631388019275362,0.2835062407296278,0.5063336343962314,-0.4992696706848614,-9.277627266267827e-17
0.75,0.015,0.78,0.31,0.53,0.04979275836958438,-0.5063336343962312,0.4695840837819451,-0.09463702756854799,0.15080600326444826,-0.2402066136188078,-0.5080918971835677,0.4352205801556779,-0.18975492406426667,0.2706195934237357
0.55,0.17,0.71,0.48,0.11,-0.09914355269085959,-0.032366247180058094,0.4961046720851963,-0.27061959342373554,0.3940370959034656,-0.3109974879854356,-0.09914355269085968,0.18975492406426742,0.21947386163148033,-0.42642824520303796
0.85,0.05,0.91,0.8,0.68,0.4280513197751044,0.03236624718005803,-0.2968612385315523,-0.49610467208519626,0.5235584654749358,0.3109974879854358,-0.06631388019275329,-0.12819066348703895,-0.4352205801556779,-0.501068030966908
0.78,0.27,0.13,0.14,0.62,0.5032045059762718,0.435220580155678,0.44257913133528465,-0.4085944416035087,-0.43730648344591744,-0.44673435211746826,0.40767896443163454,-0.06460475956922906,-9.4689185501084e-17,0.031712383600663044
0.8,0.29,0.06,0.31,0.51,0.44673435211746826,0.32856906688076803,0.38914810241201464,-0.18592149125488752,-0.31772175799593133,-0.42805131977510447,0.1635010552248398,-0.35285933295293237,-0.46640569714743274,0.21504004624498618
0.9,0.26,0.19,0.58,0.79,0.2835062407296277,0.4352205801556779,-0.501068030966908,-0.18592149125488788,-0.5140846034027857,0.2835062407296275,0.5032045059762718,0.06460475956922898,0.5113993305744731,-0.34573086158014604
0.76,0.258,0.07,0.83,0.34,0.5257202701164065,0.24832663613490502,-0.42642824520303835,0.4085944416035086,-0.2544345579272068,0.450261630579202,-0.4319255294799914,0.4170190692654365,-0.4352205801556779,0.24330993641500817
0.72,0.32,0.48,0.2,0.6,0.5124778630310217,0.15928711050255037,0.4425791313352844,-0.2150400462449857,0.16703621317564715,-0.5249284133939036,0.463654328065536,-0.2194738616314809,0.4517044742494141,0.15606918907825618
0.6,0.251,0.39,0.29,0.3,0.31368085722807343,0.5144467672310679,0.38914810241201453,0.4085944416035085,-0.3419298172503376,-0.5116409988161033,-0.5021672724816374,-0.2194738616314809,-0.1897549240642673,-0.42642824520303796
0.52,0.288,0.32,0.5,0.3,0.18857771360489464,0.27619937885515294,0.501068030966908,0.21504004624498618,-0.4207904332794722,0.1251317444569972,-0.4502616305792021,0.21947386163148075,-0.3757570244440266,0.15606918907825618
0.6,0.31,0.31,0.87,0.58,0.4467343521174681,0.4352205801556777,-0.4961046720851962,0.2150400462449864,-0.3940370959034657,0.22528004844712862,0.40767896443163426,0.219473861631481,0.3971717746266953,-0.4803315738864411
0.51,0.255,0.55,0.17,0.64,0.04979275836958438,0.47926622983930484,-0.21504004624498593,0.2968612385315526,0.18310157851096856,-0.4714320233800889,0.4180714351194129,-0.09658830648748692,0.18975492406426742,0.18592149125488805
0.58,0.295,0.62,0.28,0.3,0.3741305720563743,0.15928711050255037,0.32193130795388347,0.3681659734451569,0.4652659605426723,-0.47143202338008894,-0.4376087694574402,0.4170190692654368,0.451704474249414,-0.4425791313352846
0.61,0.258,0.56,0.62,0.24,0.3573189460957801,0.24832663613490524,0.06329961291126501,0.296861238531552,0.22398680053691028,0.38111588618407755,-0.5290587535469926,0.21947386163148055,0.15928711050255012,0.32193130795388347
0.77,0.267,0.59,0.78,0.28,0.5148669370275802,-0.32856906688076765,-0.48033157388644127,0.48033157388644127,0.33664204350708765,0.5061968526766297,-0.5061968526766298,-0.3528593329529326,0.35285933295293226,0.4695840837819451
0.79,0.28,0.88,0.2,0.66,0.47874447220424315,-0.2483266361349053,0.5040539032466018,-0.48033157388644143,0.2896361053940521,-0.5249284133939036,0.49194523062870443,0.4517044742494141,-0.4992696706848614,0.3219313079538838
0.68,0.27,0.78,0.31,0.57,0.5032045059762716,-0.49926967068486133,0.5040539032466018,1.546271211044638e-16,0.5140846034027857,-0.4636543280655362,0.2835062407296275,0.4352205801556779,-0.302982088810553,0.3681659734451569
0.58,0.299,0.73,0.63,0.21,0.38341435459632095,-0.18975492406426667,0.12560095311356334,0.12560095311356267,0.5315920027001783,0.47731955522127134,-0.5282547884174471,-0.32856906688076765,0.4792662298393047,0.27061959342373537
0.77,0.29,0.74,0.82,0.68,0.4919452306287044,-0.5144467672310679,-0.42642824520303835,-0.48033157388644143,0.5309660814749668,0.40767896443163465,0.5197287040892533,-0.479266229839305,-0.451704474249414,-0.5050505050505051
0.71,0.475,0.13,0.23,0.59,0.21013115906602137,0.27619937885515256,0.469584083781945,-0.15606918907825526,-0.4271108175003732,-0.14761434181969815,0.4855844580338526,-0.32856906688076787,-0.09658830648748692,0.21504004624498577
0.58,0.348,0.06,0.29,0.31,0.47587579447956124,-0.3285690668807682,0.34573086158014543,0.38914810241201453,-0.4527178594822387,-0.34235765162404497,-0.28909753795464,-0.3029820888105531,-0.35285933295293237,-0.40859444160350883
0.88,0.335,0.19,0.55,0.78,0.11541970444261508,0.4664056971474328,-0.4569833598313231,-0.27061959342373526,-0.5338855895108853,0.39688416382563974,0.3968841638256399,-0.03236624718005835,0.5063336343962314,-0.2433099364150079
0.99,0.49,0.07,0.7,0.69,-0.5249284133939036,0.47926622983930484,-0.18592149125488788,-0.21504004624498688,-0.5025818842639196,0.19477489560035913,0.22528004844712862,0.06460475956922898,0.032366247180058164,-0.3891481024120142
0.73,0.43,0.32,0.12,0.65,0.28350624072962816,0.4902353176779143,0.296861238531552,-0.36816597344515684,-9.929568641735295e-17,-0.5032045059762716,0.46365432806553614,-0.47926622983930484,0.5063336343962314,0.06329961291126476
0.61,0.33,0.36,0.28,0.28,0.49194523062870427,0.5063336343962314,0.3891481024120148,0.3891481024120148,-0.19898624469442086,-0.40767896443163437,-0.40767896443163437,-0.32856906688076787,-0.32856906688076787,-0.46958408378194505
0.51,0.4,0.4,0.59,0.23,0.44673435211746837,0.435220580155678,0.4085944416035086,-0.03171238360066323,0.16703621317564715,0.5280564700678685,-0.3621942359411052,0.5144467672310679,-0.3528593329529325,0.21504004624498577
0.83,0.44,0.49,0.91,0.66,-0.0663138801927535,-0.21947386163148028,-0.031712383600663356,-0.5040539032466018,0.48909570403568614,-0.3109974879854353,0.4280513197751042,-0.41701906926543675,0.30298208881055366,-0.4569833598313229
0.66,0.38,0.55,0.15,0.62,0.5124778630310217,0.1281906634870389,0.18592149125488805,-0.09463702756854799,0.48909570403568636,-0.5197287040892532,0.5291005291005291,-0.1592871105025503,0.24832663613490524,0.06329961291126476
0.58,0.35,0.51,0.27,0.3,0.478744472204243,0.4352205801556781,0.296861238531552,0.3681659734451569,0.34455350797226447,-0.38569768646635527,-0.31099748798543597,0.09658830648748674,0.18975492406426717,-0.456983359831323
0.523,0.41,0.55,0.6,0.22,0.4829056018007951,0.46218610143568867,0.36158408233425826,-0.022206120362558087,0.5235584654749357,0.5280564700678685,-0.3621942359411052,0.30298208881055366,0.06460475956922898,0.21504004624498577
0.66,0.36,0.56,0.4,0.83,0.5249284133939036,0.09658830648748654,0.4695840837819451,-0.5040539032466018,0.47367928651019653,0.03322249710545652,0.19477489560035913,0.49926967068486144,-0.3971717746266955,0.06329961291126501
0.62,0.37,0.81,0.13,0.64,0.5280564700678685,-0.46640569714743285,-9.277627266267827e-17,-0.03171238360066298,0.23015096841355256,-0.5291005291005291,0.5280564700678685,0.4792662298393049,-0.49023531767791445,0.06329961291126476
0.52,0.44,0.82,0.3,0.52,0.5124778630310216,-0.2761993788551521,0.21504004624498618,0.48918341471142984,-0.033940821367196054,-0.033222497105456716,0.5124778630310216,0.3757570244440269,-0.2761993788551521,0.21504004624498618
0.5,0.4,0.73,0.62,0.2,0.4280513197751044,0.06460475956922924,0.368165973445157,-0.15606918907825634,0.37002546266415653,0.5249284133939036,-0.4280513197751043,-0.302982088810553,0.4664056971474327,0.21504004624498618
0.71,0.46,0.95,0.78,0.86,0.2548961238633419,-0.2761993788551533,-0.5040539032466018,-0.45698335983132327,-0.45639347324433227,0.03322249710545678,-0.2252800484471287,-0.06460475956922884,0.1897549240642666,-0.3219313079538837
0.64,0.55,0.15,0.18,0.63,0.19477489560035913,0.12819066348703864,0.21504004624498618,-0.06329961291126471,-0.16703621317564732,-0.06631388019275376,0.22528004844712818,-0.24832663613490463,0.09658830648748674,0.18592149125488805
0.52,0.85,0.06,0.27,0.25,-0.36219423594110534,-0.4517044742494142,0.12560095311356312,0.06329961291126476,0.45639347324433227,0.38569768646635494,0.4280513197751042,-0.24832663613490485,-0.189754924064267,-0.501068030966908
0.62,0.62,0.24,0.65,0.25,0.03322249710545678,0.3285690668807677,-0.06329961291126471,0.34573086158014577,0.34455350797226447,-0.0663138801927535,0.36219423594110506,0.39717177462669556,-0.5144467672310679,0.4085944416035088
0.91,0.58,0.26,0.89,0.88,-0.5280564700678685,0.24832663613490524,0.15606918907825607,0.12560095311356298,0.2896361053940519,-0.5197287040892531,-0.5124778630310216,0.30298208881055366,0.32856906688076787,0.06329961291126421
0.62,0.67,0.39,0.1,0.66,-0.13158195088087554,0.5144467672310679,-0.09463702756854779,-0.09463702756854799,0.5025818842639196,0.06631388019275355,-0.2548961238633416,-0.5144467672310679,0.4902353176779143,0.031712383600663044
0.58,0.58,0.31,0.29,0.29,0.28350624072962816,0.3971717746266953,0.34573086158014543,0.34573086158014543,0.4164936447436696,0.3621942359411047,0.3621942359411047,-0.41701906926543686,-0.41701906926543686,-0.4425791313352847
0.89,0.68,0.49,0.65,0.9,-0.47874447220424293,-0.3757570244440261,-0.48918341471142984,0.12560095311356298,0.26040739140633307,-0.2548961238633416,-0.4636543280655362,0.32856906688076787,-0.3971717746266955,-0.48033157388644127
0.72,0.6,0.45,0.79,0.45,-0.22528004844712787,0.24832663613490524,-0.5040539032466018,0.24330993641500817,0.5140846034027857,-0.4076789644316345,0.5032045059762718,0.03236624718005841,0.4170190692654368,0.031712383600663294
0.68,0.63,0.65,0.09,0.66,-0.19477489560035835,-0.24832663613490497,0.06329961291126476,-0.2706195934237357,-0.10128719707336487,-0.09914355269085959,-0.13158195088087554,-0.03236624718005835,-0.18975492406426667,-9.277627266267827e-17
0.56,0.6,0.6,0.31,0.5,0.2835062407296277,0.27619937885515283,0.3457308615801461,0.4695840837819451,0.1670362131756474,0.4467343521174681,0.4280513197751042,0.4352205801556777,0.41701906926543664,0.18592149125488805
0.54,0.51,0.55,0.64,0.19,0.5032045059762718,0.4352205801556779,0.215040046244986,-0.06329961291126496,0.5025818842639196,0.310997487985436,-0.16350105522483996,0.18975492406426742,-0.03236624718005835,0.24330993641500795
0.61,0.78,0.69,0.92,0.58,-0.4076789644316345,-0.15928711050254918,-0.49610467208519626,0.18592149125488827,-0.5309660814749667,-0.1635010552248392,-0.33726137023740166,-0.39717177462669573,-0.06460475956922893,-0.5050505050505051
0.78,0.61,0.71,0.19,0.6,-0.4076789644316345,-0.5144467672310679,0.4961046720851963,-0.36816597344515684,-0.23015096841355226,0.1635010552248398,0.13158195088087588,0.4170190692654365,-0.18975492406426667,0.12560095311356312
0.54,0.82,0.71,0.29,0.77,-0.33726137023740166,1.5781530916847336e-16,0.24330993641500795,-0.18592149125488752,-0.5309660814749669,0.40767896443163465,-0.44673435211746876,0.5154639175257733,-0.5113993305744732,0.4695840837819451
0.5,0.75,0.81,0.61,0.26,1.619903173475335e-16,-0.18975492406426667,0.389148102412015,0.031712383600663044,-0.5025818842639198,-0.33726137023740166,0.5280564700678685,-0.451704474249414,0.4664056971474328,0.34573086158014577
0.66,0.9,0.76,0.87,0.74,-0.49194523062870454,-0.451704474249414,-0.49610467208519626,-0.4085944416035087,-0.28963610539405177,0.06631388019275297,-0.33726137023740194,-0.35285933295293287,-0.5154639175257733,-0.38914810241201503
0.0,0.1,0.5,0.26,0.05,0.42805131977510447,-0.5154639175257733,-0.031712383600663335,0.48033157388644115,-0.4373064834459175,-0.3372613702374019,0.31099748798543553,0.032366247180058164,-0.4902353176779142,-0.18592149125488786
0.05,0.05,0.55,0.6,0.14,0.42805131977510447,-0.41701906926543675,-0.29686123853155216,0.1859214912548879,-0.4373064834459174,-0.3109974879854356,0.19477489560035877,0.30298208881055366,-0.1897549240642669,-0.03171238360066323
0.08,0.18,0.63,0.6,0.85,-0.03322249710545683,-0.1281906634870388,-0.21504004624498632,0.45698335983132293,0.1989862446944207,0.0991435526908594,0.5197287040892533,0.06460475956922924,-0.5113993305744732,-0.4803315738864411
0.2,0.2,0.68,0.67,0.85,-0.4280513197751044,0.37575702444402675,0.3457308615801461,0.48033157388644127,0.39403709590346586,0.3621942359411054,0.5032045059762718,-0.302982088810553,-0.5063336343962312,-0.5010680309669081
0.22,0.22,0.9,0.3,0.9,-0.4919452306287044,0.37575702444402626,-0.501068030966908,0.368165973445157,0.3940370959034653,-0.5249284133939036,0.38569768646635494,0.15928711050255037,0.15928711050255,0.15606918907825643
0.14,0.14,0.7,0.5,0.3,-0.09914355269085968,0.27619937885515256,-0.32193130795388364,-0.4695840837819451,0.2896361053940519,-0.3372613702374019,-0.4919452306287044,0.15928711050255037,0.5154639175257733,0.15606918907825618
0.16,0.16,0.8,0.5,0.5,-0.22528004844712843,0.49926967068486144,-0.27061959342373554,-0.27061959342373554,0.5235584654749358,-0.28350624072962766,-0.28350624072962766,-0.15928711050255007,-0.15928711050255007,0.5050505050505051
0.12,0.12,0.75,0.68,0.15,0.03322249710545688,0.35285933295293226,0.15606918907825618,-0.06329961291126483,0.370025462664156,0.1635010552248398,-0.06631388019275362,-0.46640569714743285,0.4170190692654368,0.24330993641500795
0.2,0.2,0.88,0.77,0.8,-0.4280513197751044,0.4517044742494141,0.4961046720851963,0.5050505050505051,0.47367928651019636,0.5197287040892533,0.5291005291005291,-0.30298208881055333,-0.2194738616314806,-0.4569833598313229
0.16,0.25,0.01,0.1,0.07,-0.44673435211746826,0.24832663613490474,-0.031712383600663335,0.06329961291126478,-0.03394082136719643,-0.3109974879854354,-0.22528004844712843,0.3971717746266955,0.45170447424941423,0.24330993641500767
0.11,0.29,0.2,0.05,0.66,-0.4280513197751044,-0.189754924064267,0.2706195934237357,0.06329961291126476,-0.5394739072585252,-0.2835062407296277,0.5032045059762716,3.156306183369467e-17,0.32856906688076803,-0.12560095311356284
0.18,0.26,0.05,0.4,0.04,-0.4919452306287044,0.06460475956922912,-0.4425791313352846,0.09463702756854783,-0.19898624469442053,-0.28350624072962766,-0.16350105522483985,-0.49023531767791423,0.4352205801556779,-0.4695840837819451
0.21,0.32,0.25,0.5,0.8,-0.5197287040892532,-0.49926967068486133,-0.12560095311356329,0.5040539032466018,-0.4890957040356862,0.22528004844712837,0.38569768646635494,-9.4689185501084e-17,0.4902353176779143,-0.15606918907825612
0.13,0.28,0.18,0.75,0.32,-0.44673435211746826,-0.189754924064267,0.3681659734451572,-0.48033157388644115,-0.5235584654749357,0.5197287040892533,-0.4280513197751043,0.4664056971474327,-0.5154639175257733,0.45698335983132304
0.23,0.29,0.45,0.18,0.88,-0.5249284133939036,-0.2194738616314805,-0.4264282452030379,0.38914810241201464,-0.03394082136719632,-0.5197287040892532,0.2548961238633419,-0.3528593329529325,-0.24832663613490497,0.4695840837819451
0.1,0.27,0.35,0.45,0.05,-0.3621942359411051,-0.4902353176779142,-0.4803315738864411,0.2968612385315521,-0.3940370959034657,-0.09914355269085959,-0.22528004844712843,0.15928711050255012,-0.4170190692654368,-0.5050505050505051
0.22,0.31,0.42,0.88,0.8,-0.5197287040892532,-0.32856906688076787,0.4085944416035086,0.501068030966908,-0.06774769381854304,0.19477489560035913,0.40767896443163437,-0.15928711050255007,0.09658830648748698,-0.21504004624498604
0.0,0.25,0.5,0.09,0.07,3.23980634695067e-17,-0.5154639175257733,0.4264282452030379,0.456983359831323,-9.929568641735295e-17,-0.2835062407296277,-0.22528004844712843,-0.43522058015567794,-0.46640569714743274,0.2706195934237357
0.05,0.29,0.58,0.14,0.32,-0.2835062407296277,-0.3528593329529325,0.1859214912548879,-0.3457308615801458,0.37002546266415565,-0.478744472204243,-0.4076789644316345,-0.09658830648748692,0.4170190692654365,-0.48918341471142984
0.1,0.3,0.58,0.28,0.55,-0.4280513197751044,-0.2194738616314809,-0.3681659734451572,-0.29686123853155216,0.3940370959034652,-0.4636543280655362,0.3109974879854358,0.3285690668807677,0.3528593329529328,0.24330993641500795
0.2,0.32,0.65,0.31,0.89,-0.5249284133939036,0.30298208881055344,-0.5040539032466018,0.4264282452030379,0.5309660814749668,-0.3621942359411052,0.13158195088087588,0.49926967068486133,-0.4992696706848614,0.15606918907825643
0.19,0.28,0.57,0.58,0.17,-0.5197287040892533,0.032366247180058164,0.06329961291126476,-0.32193130795388364,0.3177217579959313,0.3372613702374017,-0.5032045059762718,0.30298208881055366,-0.03236624718005835,-9.277627266267827e-17
0.11,0.26,0.56,0.68,0.27,-0.3621942359411051,-0.2483266361349048,0.12560095311356312,-0.3681659734451572,0.2301509684135528,0.49194523062870443,-0.5197287040892532,0.03236624718005796,0.24832663613490502,0.48033157388644115
0.12,0.28,0.7,0.16,0.32,-0.4280513197751044,0.21947386163148033,-0.09463702756854789,-0.4695840837819451,0.5362782169267447,-0.49194523062870443,-0.4280513197751043,0.3285690668807677,0.5113993305744732,-0.501068030966908
0.18,0.29,0.78,0.15,0.61,-0.5197287040892532,0.49926967068486133,-0.24330993641500756,0.12560095311356312,0.48909570403568625,-0.49194523062870427,0.4280513197751041,0.4664056971474329,-0.3971717746266955,0.031712383600663044
0.2,0.25,0.7,0.25,0.03,-0.5032045059762716,0.4170190692654365,-0.48033157388644115,0.06329961291126478,0.5140846034027857,-0.5291005291005291,-0.09914355269085968,0.49023531767791423,-0.06460475956922919,-0.09463702756854789
0.16,0.28,0.72,0.27,0.32,-0.49194523062870443,0.3757570244440265,-0.45698335983132304,-0.501068030966908,0.5405405405405405,-0.5032045059762716,-0.4280513197751043,0.5144467672310679,0.4992696706848614,-0.42642824520303785
0.11,0.3,0.79,0.8,0.32,-0.44673435211746815,0.4170190692654368,0.426428245203038,-0.45698335983132293,0.45639347324433244,0.4280513197751042,-0.38569768646635527,-0.4352205801556779,0.3971717746266954,0.368165973445157
0.18,0.31,0.81,0.7,0.4,-0.5280564700678685,0.5144467672310679,0.3681659734451569,-0.4425791313352846,0.3940370959034653,0.5280564700678685,-0.13158195088087582,-0.5144467672310679,0.1281906634870389,0.4085944416035086
0.1,0.33,0.02,0.0,0.25,-0.47874447220424315,0.3757570244440266,0.40859444160350883,-0.29686123853155205,-0.31772175799593133,-0.25489612386334143,-0.4636543280655362,0.5113993305744732,-0.06460475956922906,3.092542422089276e-17
0.18,0.37,0.11,0.28,0.3,-0.5032045059762716,-0.12819066348703848,-0.48918341471142984,-0.501068030966908,-0.5362782169267447,-0.3109974879854356,-0.2548961238633418,-0.39717177462669545,-0.43522058015567777,-0.4425791313352846
0.13,0.4,0.17,0.25,0.38,-0.5197287040892532,-0.1592871105025503,-0.3681659734451572,-0.5040539032466018,-0.4890957040356862,-0.3109974879854356,0.0991435526908594,-0.4517044742494143,-0.4902353176779142,-0.34573086158014593
0.11,0.42,0.38,0.82,0.31,-0.5197287040892532,-0.5144467672310679,0.45698335983132293,-0.4425791313352846,0.16703621317564715,0.03322249710545678,-0.06631388019275376,0.15928711050255037,-0.1897549240642673,0.34573086158014626
0.22,0.48,0.47,0.78,0.81,-0.16350105522483996,-0.1897549240642673,0.5050505050505051,0.4961046720851963,0.5140846034027857,-0.03322249710545646,-0.13158195088087554,1.5781530916847336e-16,-0.09658830648748712,-0.4264282452030379
0.14,0.38,0.59,0.11,0.32,-0.5249284133939036,-0.06460475956922919,3.092542422089276e-17,-0.48918341471142984,0.5309660814749668,-0.5280564700678685,-0.16350105522483996,-0.1592871105025503,0.4352205801556777,-0.45698335983132293
0.15,0.42,0.6,0.15,0.62,-0.4787444722042432,-9.4689185501084e-17,-0.15606918907825623,0.06329961291126476,0.5362782169267448,-0.4787444722042432,0.5124778630310217,-9.4689185501084e-17,0.09658830648748698,0.06329961291126476
0.09,0.38,0.54,0.69,0.21,-0.5197287040892532,-0.3528593329529325,0.09463702756854761,-0.15606918907825623,0.47367928651019653,0.4787444722042433,-0.4467343521174683,0.06460475956922924,-9.4689185501084e-17,0.4085944416035085
0.2,0.49,0.68,0.76,0.78,-0.19477489560035902,0.37575702444402675,0.4891834147114298,0.501068030966908,0.26040739140633307,1.619903173475335e-16,-0.0663138801927535,-0.47926622983930484,-0.49926967068486133,-0.48918341471142984
0.12,0.62,0.21,0.3,0.59,-0.033222497105456716,-0.24832663613490463,-0.4425791313352846,-0.12560095311356329,0.2604073914063324,0.463654328065536,0.13158195088087588,-0.5144467672310679,0.15928711050255012,0.38914810241201453
0.14,0.65,0.19,0.26,0.66,0.13158195088087563,-0.24832663613490485,-0.4085944416035088,0.15606918907825618,0.2896361053940522,0.44673435211746837,-0.19477489560035835,-0.49023531767791423,0.30298208881055344,0.44257913133528465
0.16,0.51,0.09,0.38,0.1,-0.25489612386334143,3.156306183369467e-17,-0.48918341471142984,-0.031712383600663335,-0.4373064834459175,0.40767896443163454,-0.4076789644316345,-0.5063336343962312,0.18975492406426706,-0.501068030966908
0.12,0.56,0.13,0.48,0.32,-0.22528004844712812,3.156306183369467e-17,-0.40859444160350883,-0.4695840837819451,-0.1989862446944204,0.5124778630310217,0.3856976864663555,-0.3971717746266955,-0.49023531767791423,0.15606918907825618
0.2,0.85,0.24,0.79,0.85,0.5032045059762718,-0.47926622983930484,0.5040539032466018,0.48033157388644127,0.4563934732443327,-0.33726137023740194,-0.16350105522484012,0.5063336343962314,0.4352205801556781,-0.3219313079538837
0.16,0.52,0.3,0.09,0.11,-0.22528004844712812,-0.49926967068486133,3.092542422089276e-17,-0.06329961291126483,0.2301509684135528,-0.4076789644316345,-0.3621942359411052,-0.39717177462669545,-0.43522058015567777,0.1560691890782563
0.21,0.78,0.42,0.32,0.84,0.5280564700678685,-0.3528593329529325,-0.49610467208519626,0.48033157388644127,0.1670362131756474,0.4280513197751042,-0.385697686466355,-0.03236624718005835,-0.032366247180058094,0.270619593423736
0.08,0.56,0.33,0.4,0.1,-0.3372613702374019,-0.4352205801556779,-0.501068030966908,0.21504004624498618,0.4164936447436699,0.5124778630310217,-0.28350624072962766,-0.06460475956922919,-0.4664056971474328,-0.5050505050505051
0.14,0.61,0.39,0.56,0.56,-9.719419040852008e-17,-0.5063336343962312,-0.15606918907825634,-0.15606918907825634,0.5405405405405405,0.2548961238633419,0.2548961238633419,0.49023531767791423,0.49023531767791423,0.368165973445157
0.18,0.7,0.41,0.67,0.33,0.3856976864663548,-0.43522058015567794,0.2968612385315524,-0.5040539032466018,0.41649364474367,-0.36219423594110534,0.5197287040892533,0.4517044742494141,-0.03236624718005835,0.5050505050505051
0.22,0.8,0.44,0.78,0.88,0.5249284133939036,-0.2761993788551528,0.5050505050505051,0.4085944416035086,0.03394082136719639,-0.4636543280655362,-0.22528004844712823,0.09658830648748698,-0.21947386163148108,-0.27061959342373526
0.1,0.6,0.51,0.1,0.01,-0.16350105522483996,-0.3971717746266955,0.1560691890782563,0.38914810241201475,0.41649364474367,-0.16350105522483996,-0.4076789644316345,-0.3971717746266955,-0.5113993305744732,0.38914810241201475
0.15,0.67,0.56,0.07,0.66,0.22528004844712837,-0.12819066348703836,0.09463702756854783,0.18592149125488805,0.06774769381854309,-0.033222497105456716,-0.2548961238633416,-0.3528593329529321,0.09658830648748654,-0.06329961291126496
0.0,0.62,0.52,0.26,0.07,-0.38569768646635527,-0.5113993305744732,-0.031712383600663335,0.456983359831323,0.34455350797226464,0.38569768646635516,-0.19477489560035902,0.09658830648748674,-0.4352205801556778,-0.24330993641500778
0.11,0.88,0.67,0.66,0.89,0.5280564700678685,0.09658830648748674,0.06329961291126476,0.5050505050505051,-0.5140846034027857,-0.5124778630310217,0.06631388019275297,-0.24832663613490497,-0.479266229839305,-0.48033157388644127
0.08,0.56,0.7,0.14,0.1,-0.3372613702374019,0.09658830648748674,0.09463702756854774,0.21504004624498618,-0.033940821367196054,-0.16350105522483996,-0.28350624072962766,0.27619937885515256,0.15928711050255012,0.03171238360066328
0.21,0.9,0.9,0.22,0.92,0.40767896443163437,0.3971717746266954,-0.45698335983132293,0.34573086158014565,0.167036213175647,0.38569768646635494,0.22528004844712868,0.37575702444402626,0.21947386163148105,0.32193130795388364
0.08,0.58,0.71,0.27,0.09,-0.2835062407296281,0.1281906634870382,-0.29686123853155205,0.24330993641500778,-0.13442696603505663,0.31099748798543536,-0.2548961238633418,0.5113993305744731,0.15928711050255012,-0.32193130795388364
0.13,0.62,0.77,0.28,0.31,-9.719419040852008e-17,0.4170190692654368,-0.4264282452030379,-0.4695840837819451,-0.41649364474366984,0.4280513197751044,0.478744472204243,0.4902353176779143,0.4517044742494141,-0.42642824520303785
0.21,0.88,0.87,0.56,0.95,0.44673435211746826,0.4517044742494141,0.06329961291126476,0.270619593423736,-2.3168993497382356e-16,-0.4919452306287044,0.25489612386334154,-0.46640569714743285,0.21947386163148022,-0.5040539032466018
0.22,0.86,0.83,0.89,0.65,0.46365432806553614,0.4902353176779143,0.38914810241201464,0.34573086158014577,-0.19898624469442056,-2.267864442865469e-16,-0.5280564700678685,-0.0965883064874875,-0.5113993305744732,-0.48918341471142984
0.2,0.78,0.91,0.82,0.85,0.5249284133939035,0.3971717746266954,0.501068030966908,0.48033157388644127,-0.19898624469442056,-0.4280513197751046,-0.36219423594110567,-0.06460475956922884,0.03236624718005803,-0.24330993641500823
0.25,0.0,0.1,0.12,0.37,3.23980634695067e-17,-0.3029820888105531,-0.3457308615801458,-0.36816597344515734,0.4373064834459175,0.38569768646635527,-0.3621942359411051,0.09658830648748697,-0.5063336343962312,-0.5040539032466018
0.29,0.1,0.17,0.74,0.52,-0.4076789644316344,-0.49926967068486133,0.4961046720851963,0.18592149125488805,-0.0677476938185429,0.2835062407296275,-0.38569768646635527,0.435220580155678,-0.1897549240642669,-0.03171238360066298
0.3,0.18,0.23,0.9,0.84,-0.5249284133939035,-0.5063336343962312,0.15606918907825643,0.321931307953884,-0.45639347324433244,0.46365432806553614,0.5249284133939036,0.35285933295293215,0.4664056971474328,-0.031712383600663356
0.32,0.02,0.34,0.13,0.31,-0.2835062407296279,-0.2761993788551528,-0.48033157388644115,-0.34573086158014593,-0.34455350797226464,0.3109974879854356,-0.25489612386334143,-0.5063336343962314,-0.3029820888105532,-0.4695840837819451
0.28,0.12,0.38,0.17,0.6,-0.4280513197751044,-0.2761993788551528,-0.48033157388644127,0.3681659734451572,-0.5405405405405405,-0.13158195088087557,-0.09914355269085959,-0.4902353176779142,0.5113993305744731,0.06329961291126476
0.26,0.09,0.33,0.28,0.32,-0.3109974879854354,-0.4352205801556778,-0.48918341471142984,-0.4425791313352846,-0.4736792865101966,-0.3621942359411051,-0.44673435211746826,-0.3971717746266954,-0.3029820888105532,-0.4085944416035087
0.28,0.16,0.41,0.51,0.56,-0.49194523062870443,-0.1897549240642673,0.12560095311356312,0.2706195934237357,-0.4890957040356863,-0.25489612386334143,-0.09914355269085959,0.451704474249414,0.5063336343962314,0.45698335983132304
0.26,0.12,0.34,0.68,0.29,-0.38569768646635516,-0.41701906926543675,0.46958408378194516,-0.4803315738864411,-0.5235584654749357,0.1635010552248398,-0.44673435211746815,0.5113993305744732,-0.3528593329529325,0.4961046720851963
0.31,0.2,0.46,0.78,0.83,-0.5280564700678685,0.06460475956922898,0.4264282452030379,0.321931307953884,-0.28963610539405205,0.5249284133939035,0.5197287040892533,0.03236624718005841,-0.12819066348703856,-0.38914810241201503
0.25,0.05,0.53,0.1,0.12,-0.16350105522483985,0.09658830648748674,-0.29686123853155205,-0.3457308615801458,-0.4736792865101965,0.31099748798543553,0.25489612386334143,-0.3528593329529325,-0.3029820888105532,0.09463702756854783
0.32,0.15,0.66,0.24,0.82,-0.5197287040892532,0.5113993305744731,-0.46958408378194505,0.321931307953884,0.1989862446944207,-0.4076789644316344,0.5197287040892533,0.4170190692654368,-0.5113993305744732,0.4695840837819451
0.28,0.08,0.52,0.25,0.08,-0.3372613702374019,0.15928711050255012,-0.49610467208519626,-0.32193130795388364,-0.4373064834459175,-0.25489612386334143,0.2835062407296278,0.06460475956922898,-0.41701906926543686,-0.24330993641500778
0.33,0.2,0.64,0.59,0.94,-0.5197287040892532,0.5063336343962314,0.4425791313352844,-0.06329961291126471,0.2896361053940522,0.13158195088087563,0.3372613702374023,0.06460475956922924,-0.4517044742494142,-0.49610467208519643
0.31,0.15,0.58,0.76,0.52,-0.5124778630310216,0.3971717746266953,0.45698335983132304,0.24330993641500795,-0.06774769381854304,0.44673435211746837,-0.25489612386334143,-0.2761993788551521,0.41701906926543664,-0.09463702756854799
0.28,0.06,0.7,0.27,0.32,-0.2835062407296279,0.5113993305744731,-0.4803315738864411,-0.4085944416035087,0.033940821367196124,-0.25489612386334143,-0.38569768646635516,0.5063336343962314,0.5113993305744732,-0.42642824520303785
0.3,0.16,0.89,0.32,0.95,-0.5124778630310216,0.18975492406426742,-0.36816597344515734,1.546271211044638e-16,0.5140846034027857,-0.5249284133939035,0.40767896443163465,0.1281906634870389,0.27619937885515206,-0.06329961291126471
0.27,0.03,0.76,0.59,0.23,-0.16350105522483996,0.5063336343962314,0.32193130795388347,-0.5050505050505051,0.13442696603505672,-0.38569768646635527,-0.03322249710545683,-0.302982088810553,0.5144467672310679,0.21504004624498577
0.32,0.2,0.84,0.81,0.8,-0.5249284133939036,0.2761993788551532,0.34573086158014565,0.368165973445157,0.5235584654749357,0.5280564700678685,0.5291005291005291,-0.30298208881055333,-0.3285690668807679,-0.3891481024120144
0.31,0.32,0.29,0.31,0.96,-0.3621942359411052,-0.41701906926543686,-0.36816597344515734,-0.06329961291126471,-0.41649364474366984,-0.3621942359411052,-0.0991435526908598,-0.41701906926543686,1.5781530916847336e-16,-0.06329961291126471
0.28,0.29,0.19,0.37,0.58,-0.4787444722042431,-0.5063336343962314,-0.29686123853155216,0.32193130795388347,-0.5362782169267447,-0.2835062407296281,0.3621942359411047,-0.4792662298393048,0.06460475956922898,0.48033157388644115
0.32,0.31,0.26,0.83,0.77,-0.3621942359411052,-0.4517044742494142,0.2968612385315526,0.4264282452030379,-0.4890957040356862,0.3372613702374023,0.46365432806553614,0.4352205801556781,0.5063336343962314,-0.40859444160350894
0.25,0.28,0.3,0.001,0.25,-0.5197287040892532,-0.4902353176779142,-0.003173305033110577,-0.5050505050505051,-0.4736792865101965,-0.10240712595283613,-0.5197287040892532,-0.16236418538933226,-0.4902353176779142,-0.003173305033110577
0.26,0.26,0.31,0.26,0.13,-0.5249284133939036,-0.46640569714743274,-0.501068030966908,-0.3891481024120147,-0.4890957040356862,-0.5249284133939036,-0.4076789644316344,-0.46640569714743274,-0.47926622983930484,-0.3891481024120147
0.27,0.29,0.34,0.28,0.32,-0.4919452306287043,-0.3971717746266954,-0.4803315738864411,-0.42642824520303785,-0.37002546266415615,-0.4787444722042431,-0.4076789644316345,-0.37575702444402637,-0.2761993788551528,-0.4085944416035087
0.28,0.28,0.38,0.29,0.62,-0.4919452306287043,-0.2761993788551528,-0.456983359831323,0.4085944416035088,-0.28963610539405205,-0.4787444722042431,0.4280513197751044,-0.24832663613490522,0.5154639175257733,0.42642824520303774
0.26,0.26,0.35,0.62,0.24,-0.5249284133939036,-0.3971717746266955,0.3681659734451572,-0.5050505050505051,-0.41649364474366984,0.38569768646635516,-0.5291005291005291,0.5063336343962314,-0.43522058015567794,0.32193130795388347
0.3,0.32,0.43,0.87,0.83,-0.38569768646635527,-0.06460475956922919,0.24330993641500817,0.34573086158014626,-9.929568641735295e-17,0.19477489560035913,0.310997487985436,-0.15928711050255007,-0.032366247180058094,-0.15606918907825648
0.25,0.26,0.51,0.04,0.13,-0.5280564700678685,0.032366247180058164,-0.12560095311356295,-0.3681659734451572,0.06774769381854283,-0.16350105522483985,-0.4076789644316344,-0.4902353176779142,-0.32856906688076787,0.24330993641500767
0.28,0.27,0.56,0.14,0.31,-0.5032045059762716,0.27619937885515294,-0.4425791313352847,-0.42642824520303785,0.2604073914063328,-0.44673435211746826,-0.4636543280655362,-0.1592871105025503,0.35285933295293265,-0.48033157388644115
0.31,0.32,0.69,0.3,0.98,-0.3621942359411052,0.5154639175257733,-0.38914810241201475,-0.12560095311356304,0.5394739072585252,-0.38569768646635527,-0.16350105522483974,0.5144467672310679,-0.2483266361349053,-0.09463702756854799
0.28,0.29,0.57,0.6,0.27,-0.4787444722042431,0.30298208881055305,0.3681659734451572,-0.4803315738864411,0.34455350797226447,0.40767896443163426,-0.4919452306287043,0.24832663613490524,0.27619937885515256,0.34573086158014577
0.27,0.28,0.59,0.69,0.26,-0.5032045059762716,0.3285690668807677,0.4891834147114298,-0.49610467208519626,0.370025462664156,0.5197287040892533,-0.5124778630310217,-0.09658830648748622,0.30298208881055305,0.48033157388644115
0.25,0.28,0.77,0.11,0.31,-0.5197287040892532,0.5113993305744732,-0.32193130795388364,-0.46958408378194505,0.5140846034027857,-0.4076789644316344,-0.4467343521174682,0.3757570244440265,0.4517044742494141,-0.4425791313352846
0.25,0.54,0.31,0.25,0.08,0.13158195088087563,-0.4792662298393048,-0.5050505050505051,-0.24330993641500778,0.3177217579959317,0.13158195088087563,-0.38569768646635527,-0.4792662298393048,-0.39717177462669545,-0.24330993641500778
0.29,0.66,0.35,0.28,0.31,0.5032045059762716,-0.3285690668807682,-0.456983359831323,-0.40859444160350883,0.5394739072585252,0.49194523062870443,0.5197287040892533,-0.3528593329529325,-0.27619937885515317,-0.42642824520303785
0.29,0.74,0.39,0.41,0.54,0.5197287040892533,-0.2194738616314809,-0.15606918907825634,0.24330993641500795,0.37002546266415653,0.310997487985436,-0.0991435526908598,0.15928711050255012,0.4664056971474329,0.48033157388644115
0.31,0.82,0.47,0.4,0.99,0.3621942359411056,0.09658830648748674,-0.12560095311356329,-0.15606918907825612,-0.13442696603505663,0.09914355269085964,0.1947748956003583,0.35285933295293226,-0.49926967068486133,-0.38914810241201475
0.28,0.55,0.38,0.9,0.22,0.25489612386334165,-0.2761993788551528,0.215040046244986,-0.5050505050505051,0.48909570403568636,-0.5032045059762719,0.06631388019275355,-0.09658830648748712,-0.41701906926543686,0.368165973445157
0.33,0.04,0.02,0.12,0.11,-0.3621942359411051,-0.3029820888105531,-0.48033157388644115,-0.4695840837819451,0.5025818842639197,0.2835062407296278,0.3109974879854356,0.328569066880768,0.35285933295293237,0.06329961291126489
0.37,0.09,0.1,0.13,0.32,-0.5124778630310216,-0.5063336343962312,-0.5050505050505051,-0.1859214912548882,0.19898624469442058,0.09914355269085963,-0.44673435211746826,0.064604759569229,-0.4517044742494143,-0.48033157388644115
0.4,0.15,0.16,0.3,0.58,-0.5032045059762716,-0.4792662298393048,-0.15606918907825634,0.501068030966908,-0.19898624469442053,-0.5032045059762716,-0.06631388019275376,-0.49926967068486133,-0.03236624718005835,0.3681659734451569
0.37,0.07,0.1,0.41,0.3,-0.4919452306287044,-0.5063336343962312,0.09463702756854761,-0.24330993641500814,0.2604073914063325,-0.5249284133939035,-0.3621942359411051,-0.5144467672310679,-0.4170190692654368,-0.12560095311356329
0.41,0.11,0.21,0.44,0.57,-0.5249284133939036,-0.3757570244440266,0.296861238531552,0.501068030966908,-0.23015096841355284,-0.5032045059762716,-0.2252800484471285,-0.3029820888105532,0.09658830648748674,0.5040539032466018
0.42,0.13,0.15,0.94,0.3,-0.5032045059762716,-0.46640569714743285,-0.3219313079538834,-0.09463702756854779,-0.10128719707336477,0.4787444722042433,-0.478744472204243,0.4352205801556781,-0.4902353176779142,0.031712383600663294
0.41,0.04,0.33,0.26,0.12,-0.5032045059762716,-0.03236624718005835,-0.24330993641500814,-0.49610467208519626,-0.37002546266415604,-0.16350105522483985,0.2835062407296278,-0.4352205801556778,-0.49023531767791423,-0.3681659734451572
0.38,0.09,0.37,0.28,0.32,-0.5197287040892532,-9.4689185501084e-17,-0.27061959342373554,-0.15606918907825634,-0.5235584654749357,-0.3621942359411051,-0.44673435211746826,-0.3029820888105532,-0.1897549240642673,-0.4085944416035087
0.42,0.29,0.14,0.03,0.68,-0.13158195088087582,-0.4792662298393048,-0.4803315738864411,0.4085944416035086,-0.48909570403568614,-0.2252800484471282,0.5197287040892533,0.24832663613490474,0.21947386163148075,-0.12560095311356284
0.4,0.3,0.18,0.29,0.59,-0.16350105522483996,-0.4517044742494142,-0.1859214912548882,0.5040539032466018,-0.5362782169267447,-0.4467343521174683,0.40767896443163426,-0.5063336343962312,0.06460475956922898,0.3681659734451569
0.38,0.33,0.1,0.07,0.4,-0.13158195088087582,-0.5113993305744731,-0.48033157388644115,0.09463702756854761,-0.48909570403568625,-0.4280513197751044,-0.06631388019275376,0.24832663613490474,-0.5154639175257733,-0.4961046720851963
0.47,0.47,0.25,0.96,0.61,0.49194523062870427,-0.09658830648748692,-0.4569833598313227,0.44257913133528454,-0.10128719707336466,-0.47874447220424277,0.46365432806553614,0.1281906634870389,0.3285690668807677,-0.45698335983132327
0.41,0.37,0.79,0.12,0.32,0.0991435526908594,0.15928711050255037,-0.49610467208519626,-0.06329961291126496,0.2896361053940521,-0.5280564700678685,-0.19477489560035902,0.435220580155678,0.3971717746266954,-0.4695840837819451
0.42,0.39,0.78,0.32,0.2,0.19477489560035888,0.15928711050255037,-0.03171238360066323,-0.36816597344515734,0.26040739140633307,-0.13158195088087582,-0.4467343521174682,0.41701906926543664,0.5113993305744731,-0.501068030966908
0.36,0.52,0.07,0.1,0.15,0.38569768646635516,-0.4664056971474327,-0.4891834147114298,-0.5040539032466018,-0.4563934732443324,-0.38569768646635527,-0.25489612386334143,0.24832663613490474,0.09658830648748697,3.092542422089276e-17
0.4,0.59,0.77,0.99,0.24,0.5280564700678685,0.24832663613490524,-0.38914810241201475,-0.32193130795388364,-0.3445535079722644,-0.4636543280655362,0.2548961238633412,0.03236624718005803,0.5144467672310679,0.06329961291126501
0.43,0.65,0.76,0.94,0.29,0.46365432806553614,0.18975492406426742,-0.34573086158014543,-0.09463702756854779,-0.45639347324433277,-0.44673435211746876,0.49194523062870427,-0.15928711050255043,0.4902353176779143,0.06329961291126501
0.6,0.08,0.13,0.14,0.32,-0.2252800484471285,-0.06460475956922919,-0.03171238360066323,0.4425791313352844,0.1344269660350566,0.09914355269085953,-0.4280513197751044,-0.06460475956922906,-0.49023531767791423,-0.48918341471142984
0.8,0.24,0.23,0.29,0.98,0.5124778630310217,0.5063336343962314,0.4264282452030379,0.09463702756854793,-0.5309660814749668,-0.5197287040892532,0.09914355269085964,-0.5113993305744732,0.1281906634870389,-0.06329961291126471
0.65,0.09,0.16,0.49,0.31,-0.033222497105456716,0.18975492406426717,0.32193130795388364,0.4891834147114298,3.3098562139117655e-17,-0.4636543280655363,-0.4280513197751044,-0.3029820888105532,-0.5063336343962312,0.15606918907825618
0.68,0.16,0.2,0.59,0.6,0.2835062407296278,0.37575702444402675,-0.06329961291126471,-0.09463702756854799,-0.34455350797226464,-9.719419040852008e-17,0.03322249710545652,0.12819066348703864,0.15928711050255012,0.18592149125488827
0.75,0.22,0.24,0.96,0.62,0.5197287040892533,0.5144467672310679,-0.1256009531135634,-0.34573086158014604,-0.5235584654749357,0.22528004844712862,0.2835062407296275,0.15928711050255037,0.3285690668807677,-0.4425791313352846
0.87,0.23,0.25,0.85,0.8,0.4280513197751042,0.37575702444402626,-0.09463702756854836,-0.24330993641500823,-0.5362782169267447,0.46365432806553614,0.5197287040892533,0.41701906926543664,0.4902353176779143,-0.2968612385315523
0.52,0.08,0.33,0.07,0.09,-0.42805131977510447,0.30298208881055344,-0.42642824520303785,-0.38914810241201475,-0.45639347324433244,0.31099748798543553,0.25489612386334143,-0.4170190692654368,-0.4517044742494143,0.2706195934237357
0.62,0.12,0.36,0.36,0.32,-0.033222497105456716,0.5113993305744731,0.501068030966908,0.469584083781945,-0.5362782169267447,-0.5249284133939035,-0.4919452306287044,-0.09658830648748692,-0.2194738616314809,-0.21504004624498632
0.68,0.15,0.58,0.35,0.6,0.25489612386334165,-0.032366247180058094,0.4961046720851963,-0.09463702756854799,-0.06774769381854304,-0.5291005291005291,-9.719419040852008e-17,0.4664056971474327,0.219473861631481,0.48033157388644115
0.54,0.25,0.07,0.09,0.11,0.13158195088087563,-0.3971717746266954,-0.34573086158014593,-0.29686123853155216,-0.23015096841355284,-0.2835062407296277,-0.3372613702374019,0.27619937885515294,0.21947386163148075,0.1560691890782563
0.9,0.31,0.24,0.3,0.97,0.13158195088087588,0.32856906688076787,0.15606918907825643,0.345730861580146,-0.5140846034027856,-0.4076789644316345,-0.0991435526908598,-0.4992696706848614,0.1281906634870389,-0.06329961291126471
0.56,0.27,0.11,0.59,0.22,0.25489612386334165,-0.2483266361349048,0.2968612385315526,0.09463702756854761,-0.3940370959034656,0.3372613702374017,-0.5280564700678685,-0.1592871105025503,-0.24832663613490485,0.1859214912548876
0.85,0.32,0.22,0.87,0.79,0.2548961238633419,0.4664056971474328,-0.09463702756854836,-0.3219313079538837,-0.5235584654749357,0.19477489560035913,0.40767896443163437,0.4352205801556779,0.5144467672310679,-0.27061959342373526
0.52,0.28,0.32,0.1,0.1,0.1635010552248398,0.27619937885515294,-0.36816597344515734,-0.36816597344515734,-0.4373064834459174,-0.38569768646635516,-0.38569768646635516,-0.4517044742494143,-0.4517044742494143,0.1560691890782563
0.78,0.47,0.24,0.3,0.93,1.619903173475335e-16,0.5113993305744732,0.44257913133528454,-0.1256009531135634,-0.1344269660350569,0.06631388019275355,-0.4280513197751043,-0.4992696706848614,0.24832663613490524,0.06329961291126501
0.56,0.35,0.1,0.62,0.23,0.44673435211746837,-0.2761993788551528,0.215040046244986,0.12560095311356312,-0.5140846034027856,0.5197287040892533,-0.4636543280655363,-0.09658830648748692,-0.24832663613490485,0.296861238531552
0.61,0.38,0.09,0.38,0.3,0.5280564700678685,-0.1592871105025503,0.5040539032466018,0.42642824520303774,-0.5309660814749668,0.03322249710545652,-0.2252800484471285,-0.5063336343962312,-0.39717177462669545,-0.21504004624498632
0.78,0.47,0.29,0.98,0.59,1.619903173475335e-16,0.4664056971474328,0.03171238360066292,-0.34573086158014604,0.033940821367196124,-0.5032045059762716,0.4919452306287044,-0.06460475956922893,0.37575702444402614,-0.45698335983132327
0.58,0.4,0.32,0.22,0.24,0.5249284133939035,0.4170190692654365,0.15606918907825618,0.21504004624498577,-0.10128719707336466,-0.38569768646635527,-0.3372613702374019,-0.4992696706848614,-0.4792662298393048,-0.4891834147114298
0.68,0.43,0.6,0.47,0.55,0.40767896443163437,-0.09658830648748712,0.2968612385315526,0.06329961291126501,0.5309660814749668,0.4280513197751041,0.5249284133939035,0.46640569714743296,0.30298208881055366,0.501068030966908
0.57,0.37,0.75,0.27,0.32,0.49194523062870427,-0.21947386163148028,0.27061959342373537,0.38914810241201453,0.3940370959034653,-0.3372613702374019,-0.19477489560035902,0.5113993305744732,0.4664056971474328,-0.42642824520303785
0.62,0.56,0.11,0.24,0.22,0.22528004844712818,-0.06460475956922919,0.32193130795388347,0.27061959342373537,-0.2604073914063326,0.1635010552248398,0.0991435526908594,-0.3029820888105531,-0.24832663613490485,-0.4891834147114298
0.64,0.58,0.14,0.32,0.21,0.09914355269085964,0.09658830648748674,0.4891834147114298,0.296861238531552,-0.10128719707336466,0.4280513197751041,0.13158195088087518,-0.4992696706848614,-0.3029820888105531,-0.49610467208519626
0.64,0.59,0.12,0.58,0.24,0.06631388019275382,0.032366247180058164,0.09463702756854785,0.3681659734451572,-0.1344269660350569,0.2548961238633419,0.2548961238633412,-0.1592871105025503,-0.32856906688076787,0.21504004624498577
0.68,0.61,0.34,0.31,0.23,-0.13158195088087554,0.5113993305744732,0.5040539032466018,0.426428245203038,0.5140846034027857,0.463654328065536,0.2835062407296275,-0.3029820888105532,-0.46640569714743274,-0.48918341471142984
0.9,0.78,0.62,0.32,0.89,-0.22528004844712823,-0.5113993305744732,0.09463702756854785,0.12560095311356298,-0.4373064834459174,0.4280513197751042,-0.25489612386334193,0.4792662298393047,-0.5144467672310679,0.12560095311356334
0.85,0.82,0.66,0.83,0.83,-0.25489612386334193,-0.5144467672310679,-0.21504004624498688,-0.21504004624498688,-0.5362782169267448,-0.3109974879854357,-0.3109974879854357,-0.5144467672310679,-0.5144467672310679,-0.27061959342373604
0.56,0.6,0.77,0.13,0.32,0.2835062407296277,-0.24832663613490497,-0.18592149125488774,0.3681659734451575,-0.3700254626641563,-0.06631388019275376,0.463654328065536,0.4170190692654368,0.4352205801556779,-0.48033157388644115
0.66,0.68,0.81,0.57,0.57,-0.2835062407296278,-0.5063336343962314,0.06329961291126501,0.06329961291126501,-0.5394739072585252,1.619903173475335e-16,1.619903173475335e-16,-0.3757570244440261,-0.3757570244440261,0.321931307953884
0.68,0.64,0.79,0.97,0.24,-0.2252800484471287,-0.5063336343962314,-0.2968612385315523,0.44257913133528465,-0.4890957040356863,-0.40767896443163476,0.38569768646635516,0.03236624718005803,0.5063336343962314,0.12560095311356334
