STG,SCG,STR,LPR,PEG,cos(STG+SCG),cos(STG+STR),cos(STG+LPR),cos(STG+PEG),cos(SCG+STR),cos(SCG+LPR),cos(SCG+PEG),cos(STR+LPR),cos(STR+PEG),cos(LPR+PEG)
0.0,0.0,0.0,0.0,0.0,1.0,1.0,1.0,1.0,1.0,1.0,1.0,1.0,1.0,1.0
0.08,0.08,0.1,0.24,0.9,0.9872272833756269,0.9838436927881214,0.9492354180824408,0.5570225467662173,0.9838436927881214,0.9492354180824408,0.5570225467662173,0.9427546655283462,0.5403023058681398,0.41759450395835795
0.06,0.06,0.05,0.25,0.33,0.9928086358538663,0.9939560979566968,0.9523335698857134,0.9249090598573131,0.9939560979566968,0.9523335698857134,0.9249090598573131,0.955336489125606,0.9286646355765102,0.8364626499151869
0.1,0.1,0.15,0.65,0.3,0.9800665778412416,0.9689124217106447,0.7316888688738209,0.9210609940028851,0.9689124217106447,0.7316888688738209,0.9210609940028851,0.6967067093471655,0.900447102352677,0.5816830894638836
0.08,0.08,0.08,0.98,0.24,0.9872272833756269,0.9872272833756269,0.48887208186052755,0.9492354180824408,0.9872272833756269,0.48887208186052755,0.9492354180824408,0.48887208186052755,0.9492354180824408,0.34364574631604705
0.09,0.15,0.4,0.1,0.66,0.9713379748520297,0.8823328586101216,0.9820042351172703,0.7316888688738209,0.8525245220595057,0.9689124217106447,0.6894984329517471,0.8775825618903728,0.48887208186052755,0.7248360107409052
0.1,0.1,0.43,0.29,0.56,0.9800665778412416,0.862807070514761,0.9249090598573131,0.7899922314973651,0.862807070514761,0.9249090598573131,0.7899922314973651,0.751805729140895,0.5486898605815876,0.6599831458849822
0.15,0.02,0.34,0.4,0.01,0.9855847669095608,0.8823328586101216,0.8525245220595057,0.9872272833756269,0.9358968236779348,0.9130889403123083,0.9995500337489875,0.7384685587295879,0.9393727128473789,0.9171208228166051
0.2,0.14,0.35,0.72,0.25,0.9427546655283462,0.8525245220595057,0.6058201566434629,0.9004471023526769,0.8823328586101216,0.6524374681640519,0.9249090598573131,0.4801242290285343,0.8253356149096783,0.5652995311603544
0.0,0.0,0.5,0.2,0.85,1.0,0.8775825618903728,0.9800665778412416,0.6599831458849822,0.8775825618903728,0.9800665778412416,0.6599831458849822,0.7648421872844885,0.2190066870930415,0.497571047891727
0.18,0.18,0.55,0.3,0.81,0.9358968236779348,0.7451744023448704,0.8869949227792842,0.5486898605815876,0.7451744023448704,0.8869949227792842,0.5486898605815876,0.6599831458849822,0.20923866589141926,0.44466151674170673
0.06,0.06,0.51,0.41,0.3,0.9928086358538663,0.8419009751622687,0.891568288195329,0.9358968236779348,0.8419009751622687,0.891568288195329,0.9358968236779348,0.6058201566434629,0.6894984329517471,0.7583618759905082
0.1,0.1,0.52,0.78,0.34,0.9800665778412416,0.8138784566625339,0.6371511441985802,0.9047516632199634,0.8138784566625339,0.6371511441985802,0.9047516632199634,0.26749882862458735,0.6524374681640518,0.43568244627671204
0.1,0.1,0.7,0.15,0.9,0.9800665778412416,0.6967067093471655,0.9689124217106447,0.5403023058681398,0.6967067093471655,0.9689124217106447,0.5403023058681398,0.6599831458849822,-0.029199522301288815,0.497571047891727
0.2,0.2,0.7,0.3,0.6,0.9210609940028851,0.6216099682706646,0.8775825618903728,0.6967067093471655,0.6216099682706646,0.8775825618903728,0.6967067093471655,0.5403023058681398,0.26749882862458757,0.6216099682706646
0.12,0.12,0.75,0.35,0.8,0.9713379748520297,0.6448265472400012,0.891568288195329,0.6058201566434629,0.6448265472400012,0.891568288195329,0.6058201566434629,0.4535961214255773,0.02079482780309243,0.4084874408841574
0.05,0.07,0.7,0.01,0.05,0.9928086358538663,0.7316888688738209,0.9982005399352042,0.9950041652780257,0.7179106696109434,0.9968017063026194,0.9928086358538663,0.7583618759905082,0.7316888688738209,0.9982005399352042
0.1,0.25,0.1,0.08,0.33,0.9393727128473789,0.9800665778412416,0.9838436927881214,0.9089657496748851,0.9393727128473789,0.946042343528387,0.8364626499151869,0.9838436927881214,0.9089657496748851,0.9171208228166051
0.15,0.32,0.05,0.27,0.29,0.891568288195329,0.9800665778412416,0.9130889403123083,0.9047516632199635,0.9323273456060345,0.8309406791001634,0.8196480178454795,0.9492354180824408,0.9427546655283462,0.8472551110134161
0.2,0.29,0.25,0.49,0.56,0.8823328586101216,0.9004471023526769,0.7712460149971067,0.7248360107409052,0.8577086813638242,0.7109135380122773,0.6599831458849822,0.7384685587295879,0.6894984329517471,0.497571047891727
0.12,0.28,0.2,0.78,0.2,0.9210609940028851,0.9492354180824408,0.6216099682706645,0.9492354180824408,0.8869949227792842,0.48887208186052755,0.8869949227792842,0.5570225467662173,0.9210609940028851,0.5570225467662173
0.18,0.3,0.37,0.12,0.66,0.8869949227792842,0.8525245220595057,0.955336489125606,0.6674628258413081,0.7838216658808493,0.9130889403123083,0.5735199860724567,0.8823328586101216,0.5148188449699553,0.7109135380122773
0.1,0.27,0.31,0.29,0.65,0.9323273456060345,0.9171208228166051,0.9249090598573131,0.7316888688738209,0.8364626499151869,0.8472551110134161,0.6058201566434629,0.8253356149096783,0.5735199860724567,0.5897880250310983
0.18,0.31,0.32,0.42,0.28,0.8823328586101216,0.8775825618903728,0.8253356149096783,0.8960524975255253,0.8080275083121519,0.7451744023448704,0.8309406791001634,0.7384685587295879,0.8253356149096782,0.7648421872844885
0.06,0.29,0.35,0.76,0.25,0.9393727128473789,0.9171208228166051,0.6822212072876136,0.9523335698857134,0.8020957578842927,0.497571047891727,0.8577086813638242,0.44466151674170695,0.8253356149096783,0.5318607213743555
0.09,0.3,0.68,0.18,0.85,0.9249090598573131,0.7179106696109434,0.9637708963658905,0.5897880250310983,0.5570225467662173,0.8869949227792842,0.4084874408841574,0.6524374681640518,0.040785011241591035,0.5148188449699553
0.04,0.28,0.55,0.25,0.1,0.9492354180824408,0.8309406791001634,0.9582438755126972,0.9902159962126371,0.6748757600712672,0.862807070514761,0.9286646355765102,0.6967067093471655,0.7960837985490559,0.9393727128473789
0.09,0.255,0.6,0.45,0.25,0.941075452606513,0.7712460149971067,0.8577086813638242,0.9427546655283462,0.6562185097387998,0.7616115517620616,0.8751744744262013,0.497571047891727,0.6599831458849822,0.7648421872844885
0.08,0.325,0.62,0.94,0.56,0.9191023971657747,0.7648421872844885,0.5233659512516496,0.8020957578842927,0.5857428790182249,0.30105265380213675,0.6332895014884152,0.010796117058267392,0.38092482436688163,0.0707372016677029
0.15,0.275,0.8,0.21,0.81,0.9110387329540337,0.5816830894638835,0.9358968236779348,0.5735199860724567,0.4757322432417886,0.8846749491085283,0.4669127019211353,0.5318607213743555,-0.03919363177298771,0.5233659512516496
0.12,0.245,0.75,0.31,0.59,0.9341237611646731,0.6448265472400012,0.9089657496748851,0.7583618759905082,0.5445028894968027,0.8499004402698316,0.6711776826598423,0.48887208186052755,0.2287528078084596,0.6216099682706646
0.15,0.295,0.75,0.65,0.24,0.9026106653961322,0.6216099682706645,0.6967067093471655,0.9249090598573131,0.5019019263232615,0.5857428790182249,0.8602686292747558,0.169967142900241,0.5486898605815876,0.6294120265736969
0.1,0.256,0.7,0.76,0.16,0.9372984296888399,0.6967067093471655,0.6524374681640519,0.9663899781345132,0.5767921554538533,0.5267701873282746,0.9147126730733223,0.11056977982006957,0.6524374681640519,0.6058201566434629
0.18,0.32,0.04,0.19,0.82,0.8775825618903728,0.9758974493306055,0.9323273456060345,0.5403023058681398,0.9358968236779348,0.8727445076457513,0.4175945039583582,0.9736663950053749,0.6524374681640519,0.5318607213743555
0.2,0.45,0.28,0.31,0.78,0.7960837985490559,0.8869949227792842,0.8727445076457513,0.5570225467662173,0.7451744023448704,0.7248360107409052,0.3342377271245026,0.8309406791001634,0.48887208186052755,0.4624853668753008
0.06,0.35,0.12,0.43,0.29,0.9171208228166051,0.9838436927881214,0.8823328586101216,0.9393727128473789,0.891568288195329,0.7109135380122773,0.8020957578842927,0.8525245220595057,0.9171208228166051,0.751805729140895
0.1,0.42,0.22,0.72,0.26,0.8678191796776499,0.9492354180824408,0.6822212072876136,0.9358968236779348,0.8020957578842927,0.4175945039583582,0.7775727187509279,0.5897880250310983,0.8869949227792842,0.5570225467662173
0.18,0.4,0.32,0.08,0.33,0.8364626499151869,0.8775825618903728,0.9663899781345132,0.8727445076457513,0.751805729140895,0.8869949227792842,0.7451744023448704,0.9210609940028851,0.7960837985490559,0.9171208228166051
0.09,0.33,0.31,0.26,0.0,0.9130889403123083,0.9210609940028851,0.9393727128473789,0.9959527330119943,0.8020957578842927,0.8309406791001634,0.946042343528387,0.8419009751622687,0.9523335698857134,0.9663899781345132
0.19,0.38,0.38,0.49,0.45,0.8419009751622687,0.8419009751622687,0.7775727187509279,0.8020957578842927,0.7248360107409052,0.6448265472400012,0.6748757600712672,0.6448265472400012,0.6748757600712672,0.5897880250310983
0.02,0.33,0.36,0.76,0.1,0.9393727128473789,0.9286646355765102,0.7109135380122773,0.9928086358538663,0.7712460149971067,0.4624853668753008,0.9089657496748851,0.43568244627671204,0.8960524975255253,0.6524374681640519
0.2,0.49,0.6,0.2,0.78,0.7712460149971067,0.6967067093471655,0.9210609940028851,0.5570225467662173,0.462485366875301,0.7712460149971067,0.2962808729253187,0.6967067093471655,0.18964083129783446,0.5570225467662173
0.14,0.49,0.55,0.29,0.6,0.8080275083121519,0.7712460149971065,0.9089657496748851,0.7384685587295879,0.5062202572327784,0.7109135380122773,0.462485366875301,0.6674628258413081,0.4084874408841574,0.629412026573697
0.18,0.33,0.61,0.64,0.25,0.8727445076457513,0.7038453156522362,0.6822212072876136,0.9089657496748851,0.5897880250310983,0.5652995311603544,0.8364626499151869,0.3153223623952687,0.6524374681640519,0.6294120265736969
0.115,0.35,0.65,0.27,0.04,0.8938215656067205,0.7213823574366063,0.9267984326731847,0.9880115307742399,0.5403023058681398,0.8138784566625339,0.9249090598573131,0.6058201566434629,0.7712460149971065,0.9523335698857134
0.17,0.36,0.8,0.14,0.66,0.862807070514761,0.5652995311603543,0.9523335698857134,0.6748757600712672,0.39933952940627304,0.8775825618903728,0.5233659512516496,0.5897880250310983,0.11056977982006957,0.6967067093471655
0.1,0.39,0.75,0.31,0.62,0.8823328586101216,0.6599831458849822,0.9171208228166051,0.751805729140895,0.41759450395835795,0.7648421872844885,0.5318607213743555,0.48887208186052755,0.19944972099757285,0.5978339822872983
0.13,0.39,0.85,0.38,0.77,0.8678191796776499,0.5570225467662173,0.8727445076457513,0.6216099682706645,0.32479628443877623,0.7179106696109434,0.39933952940627304,0.3342377271245026,-0.04918382191417055,0.4084874408841574
0.18,0.34,0.71,0.71,0.9,0.8678191796776499,0.629412026573697,0.629412026573697,0.47132836417373997,0.497571047891727,0.497571047891727,0.32479628443877623,0.15022546991168584,-0.039193631772987486,-0.039193631772987486
0.09,0.51,0.02,0.18,0.67,0.8253356149096783,0.9939560979566968,0.9637708963658905,0.7248360107409052,0.862807070514761,0.7712460149971067,0.38092482436688163,0.9800665778412416,0.7712460149971065,0.6599831458849822
0.06,0.5,0.09,0.28,0.25,0.8472551110134161,0.9887710779360422,0.9427546655283462,0.9523335698857134,0.8309406791001634,0.7109135380122773,0.7316888688738209,0.9323273456060345,0.9427546655283462,0.862807070514761
0.23,0.7,0.19,0.51,0.45,0.5978339822872983,0.9130889403123083,0.7384685587295879,0.7775727187509279,0.629412026573697,0.35301940121933034,0.4084874408841574,0.7648421872844885,0.8020957578842927,0.5735199860724567
0.09,0.55,0.12,0.78,0.05,0.8020957578842927,0.9780309147241483,0.6448265472400012,0.9902159962126371,0.7838216658808492,0.23847605343372313,0.8253356149096782,0.6216099682706645,0.9855847669095608,0.6748757600712672
0.24,0.75,0.32,0.18,0.86,0.5486898605815876,0.8472551110134161,0.9130889403123083,0.4535961214255773,0.48012422902853413,0.5978339822872983,-0.039193631772987486,0.8775825618903728,0.3809248243668818,0.5062202572327784
0.18,0.72,0.37,0.29,0.55,0.6216099682706646,0.8525245220595057,0.891568288195329,0.7451744023448704,0.462485366875301,0.5318607213743555,0.2962808729253187,0.7899922314973651,0.6058201566434629,0.6674628258413081
0.1,0.6,0.33,0.42,0.26,0.7648421872844885,0.9089657496748851,0.8678191796776499,0.9358968236779348,0.5978339822872983,0.5233659512516496,0.6524374681640519,0.7316888688738209,0.8309406791001634,0.7775727187509279
0.2,0.52,0.36,0.84,0.25,0.751805729140895,0.8472551110134161,0.5062202572327784,0.9004471023526769,0.6371511441985802,0.20923866589141948,0.7179106696109434,0.3623577544766736,0.8196480178454795,0.462485366875301
0.09,0.6,0.66,0.19,0.59,0.7712460149971067,0.7316888688738209,0.9610554383107709,0.7775727187509279,0.3058169083782893,0.7038453156522362,0.371659872260533,0.6599831458849822,0.3153223623952687,0.7109135380122773
0.18,0.51,0.58,0.33,0.82,0.7712460149971067,0.7248360107409052,0.8727445076457513,0.5403023058681398,0.462485366875301,0.6674628258413081,0.23847605343372313,0.6137457494888117,0.169967142900241,0.4084874408841574
0.08,0.58,0.6,0.64,0.1,0.7899922314973651,0.7775727187509279,0.751805729140895,0.9838436927881214,0.3809248243668818,0.34364574631604705,0.7775727187509279,0.32479628443877623,0.7648421872844885,0.7384685587295879
0.09,0.61,0.53,0.75,0.01,0.7648421872844885,0.8138784566625339,0.6674628258413082,0.9950041652780258,0.41759450395835795,0.20923866589141948,0.8138784566625339,0.28671520963195546,0.8577086813638242,0.7248360107409052
0.06,0.77,0.72,0.19,0.56,0.6748757600712672,0.7109135380122773,0.9689124217106447,0.8138784566625339,0.08070844845480062,0.5735199860724567,0.23847605343372313,0.6137457494888117,0.28671520963195546,0.7316888688738209
0.15,0.79,0.78,0.3,0.51,0.5897880250310983,0.5978339822872982,0.900447102352677,0.7899922314973651,0.0007963267107332633,0.4624853668753008,0.26749882862458735,0.47132836417373997,0.2771208750565576,0.6894984329517471
0.2,0.68,0.73,0.48,0.28,0.6371511441985802,0.5978339822872983,0.7775727187509279,0.8869949227792842,0.16010431155483104,0.39933952940627304,0.5735199860724567,0.35301940121933034,0.5318607213743555,0.7248360107409052
0.24,0.58,0.76,0.8,0.28,0.6822212072876136,0.5403023058681398,0.5062202572327784,0.8678191796776499,0.2287528078084596,0.18964083129783446,0.6524374681640519,0.010796117058267392,0.5062202572327784,0.47132836417373997
0.25,0.1,0.03,0.09,0.15,0.9393727128473789,0.9610554383107709,0.9427546655283462,0.9210609940028851,0.9915618937147881,0.9820042351172703,0.9689124217106447,0.9928086358538663,0.9838436927881214,0.9713379748520297
0.32,0.2,0.06,0.26,0.24,0.8678191796776499,0.9286646355765102,0.8364626499151869,0.8472551110134161,0.9663899781345132,0.8960524975255253,0.9047516632199635,0.9492354180824408,0.955336489125606,0.8775825618903728
0.29,0.06,0.19,0.55,0.51,0.9393727128473789,0.8869949227792842,0.6674628258413081,0.6967067093471655,0.9689124217106447,0.8196480178454795,0.8419009751622687,0.7384685587295879,0.7648421872844885,0.48887208186052755
0.28,0.1,0.12,0.28,0.32,0.9286646355765102,0.9210609940028851,0.8472551110134161,0.8253356149096782,0.9758974493306055,0.9286646355765102,0.9130889403123083,0.9210609940028851,0.9047516632199635,0.8253356149096782
0.3,0.08,0.4,0.02,0.67,0.9286646355765102,0.7648421872844885,0.9492354180824408,0.5652995311603544,0.8869949227792842,0.9950041652780257,0.7316888688738209,0.9130889403123083,0.48012422902853413,0.7712460149971065
0.27,0.12,0.37,0.29,0.58,0.9249090598573131,0.8020957578842927,0.8472551110134161,0.6599831458849822,0.8823328586101216,0.9171208228166051,0.7648421872844885,0.7899922314973651,0.5816830894638836,0.6448265472400013
0.31,0.1,0.41,0.42,0.75,0.9171208228166051,0.751805729140895,0.7451744023448704,0.48887208186052755,0.8727445076457513,0.8678191796776499,0.6599831458849822,0.6748757600712672,0.3993395294062732,0.3901516843082303
0.29,0.15,0.33,0.66,0.08,0.9047516632199635,0.8138784566625339,0.5816830894638836,0.9323273456060345,0.8869949227792842,0.6894984329517471,0.9736663950053749,0.5486898605815876,0.9171208228166051,0.7384685587295879
0.3,0.2,0.52,0.3,0.53,0.8775825618903728,0.6822212072876136,0.8253356149096783,0.6748757600712672,0.751805729140895,0.8775825618903728,0.7451744023448704,0.6822212072876136,0.497571047891727,0.6748757600712672
0.28,0.16,0.69,0.33,0.78,0.9047516632199634,0.5652995311603544,0.8196480178454795,0.48887208186052755,0.6599831458849822,0.8823328586101216,0.5897880250310983,0.5233659512516496,0.10062573338693172,0.44466151674170673
0.255,0.18,0.5,0.4,0.1,0.9068700422993367,0.7282715431826874,0.7930479281016595,0.9376464888193493,0.7775727187509279,0.8364626499151869,0.9610554383107709,0.6216099682706645,0.8253356149096783,0.8775825618903728
0.265,0.06,0.57,0.75,0.1,0.9476507264148157,0.6711776826598423,0.5276199315484067,0.9341237611646731,0.808027508312152,0.6894984329517471,0.9872272833756269,0.24817545165237312,0.7838216658808493,0.6599831458849822
0.275,0.1,0.72,0.1,0.3,0.9305076219123143,0.5445028894968027,0.9305076219123143,0.8391923024206542,0.6822212072876136,0.9800665778412416,0.9210609940028851,0.6822212072876136,0.5233659512516496,0.9210609940028851
0.245,0.1,0.71,0.26,0.2,0.941075452606513,0.5776087578626016,0.8751744744262013,0.9026106653961321,0.6894984329517471,0.9358968236779348,0.955336489125606,0.5652995311603544,0.6137457494888117,0.8960524975255253
0.295,0.2,0.86,0.44,0.28,0.8799687098362042,0.40391853411637296,0.7418307534023283,0.8391923024206542,0.48887208186052755,0.8020957578842927,0.8869949227792842,0.26749882862458735,0.41759450395835795,0.751805729140895
0.32,0.12,0.79,0.76,0.24,0.9047516632199635,0.44466151674170673,0.47132836417373997,0.8472551110134161,0.6137457494888116,0.6371511441985802,0.9358968236779348,0.02079482780309243,0.5148188449699553,0.5403023058681398
0.295,0.25,0.26,0.12,0.67,0.8551272907805308,0.8499004402698316,0.9151163204946318,0.5694168763125308,0.8727445076457513,0.9323273456060345,0.6058201566434629,0.9286646355765102,0.5978339822872982,0.7038453156522362
0.315,0.32,0.29,0.29,0.62,0.8050716964734628,0.82250209763238,0.82250209763238,0.5938184263740639,0.8196480178454795,0.8196480178454795,0.5897880250310983,0.8364626499151869,0.6137457494888117,0.6137457494888117
0.25,0.29,0.15,0.48,0.26,0.8577086813638242,0.9210609940028851,0.7451744023448704,0.8727445076457513,0.9047516632199635,0.7179106696109434,0.8525245220595057,0.8080275083121519,0.9171208228166051,0.7384685587295879
0.27,0.1,0.1,0.7,0.25,0.9323273456060345,0.9323273456060345,0.5652995311603544,0.8678191796776499,0.9800665778412416,0.6967067093471655,0.9393727128473789,0.6967067093471655,0.9393727128473789,0.5816830894638836
0.248,0.3,0.31,0.2,0.03,0.8535681907719751,0.8483157881913526,0.901315231947341,0.9616062271291891,0.8196480178454795,0.8775825618903728,0.946042343528387,0.8727445076457513,0.9427546655283462,0.9736663950053749
0.325,0.25,0.38,0.31,0.79,0.8391923024206542,0.7616115517620616,0.8050716964734628,0.440177483716293,0.8080275083121519,0.8472551110134161,0.5062202572327784,0.7712460149971067,0.3901516843082303,0.4535961214255773
0.27,0.31,0.32,0.41,0.28,0.8364626499151869,0.8309406791001634,0.7775727187509279,0.8525245220595057,0.8080275083121519,0.751805729140895,0.8309406791001634,0.7451744023448704,0.8253356149096782,0.7712460149971067
0.29,0.29,0.4,0.78,0.18,0.8364626499151869,0.7712460149971067,0.48012422902853413,0.891568288195329,0.7712460149971067,0.48012422902853413,0.891568288195329,0.38092482436688163,0.8364626499151869,0.5735199860724567
0.29,0.3,0.52,0.09,0.67,0.8309406791001634,0.6894984329517471,0.9286646355765102,0.5735199860724567,0.6822212072876136,0.9249090598573131,0.5652995311603544,0.8196480178454795,0.371659872260533,0.7248360107409052
0.258,0.28,0.64,0.29,0.56,0.8587352372448249,0.6231753778259617,0.8535681907719751,0.6836821335302466,0.6058201566434629,0.8419009751622687,0.6674628258413081,0.5978339822872983,0.3623577544766734,0.6599831458849822
0.32,0.255,0.55,0.78,0.34,0.8391923024206542,0.6448265472400012,0.4535961214255773,0.7899922314973651,0.6931112350218442,0.5105259326622301,0.8281484988395901,0.23847605343372313,0.6294120265736968,0.43568244627671204
0.251,0.265,0.57,0.6,0.09,0.8697997523847936,0.6814897204691691,0.6592315356135099,0.9424207071144931,0.6711776826598423,0.648640115686581,0.9376464888193493,0.3901516843082303,0.7899922314973651,0.7712460149971067
0.288,0.31,0.79,0.23,0.24,0.8264632484329323,0.47309133595515224,0.8688112036530499,0.8638164109095605,0.4535961214255773,0.8577086813638242,0.8525245220595057,0.5233659512516496,0.5148188449699553,0.891568288195329
0.323,0.32,0.89,0.32,0.8,0.8003005648193803,0.3502109688388262,0.8003005648193803,0.432980188431095,0.35301940121933034,0.8020957578842927,0.43568244627671204,0.35301940121933034,-0.11892156929661223,0.43568244627671204
0.255,0.305,0.86,0.62,0.15,0.8472551110134161,0.440177483716293,0.6409968581633252,0.9191023971657747,0.39475054122873704,0.6018345923821126,0.8982610281785611,0.09067162446430967,0.5318607213743555,0.7179106696109434
0.295,0.25,0.73,0.77,0.19,0.8551272907805308,0.5190988868333698,0.4845042117345603,0.8846749491085283,0.5570225467662173,0.5233659512516496,0.9047516632199635,0.0707372016677029,0.6058201566434629,0.5735199860724567
0.258,0.25,0.295,0.33,0.77,0.8737191160001807,0.8509526263673333,0.8320517385233702,0.5165324121679208,0.8551272907805308,0.8364626499151869,0.5233659512516496,0.8109631195052179,0.4845042117345603,0.4535961214255773
0.29,0.25,0.29,0.29,0.57,0.8577086813638242,0.8364626499151869,0.8364626499151869,0.652437468164052,0.8577086813638242,0.8577086813638242,0.6822212072876136,0.8364626499151869,0.652437468164052,0.652437468164052
0.243,0.27,0.08,0.42,0.29,0.8712760507545603,0.9482874482599637,0.7881493287380938,0.8612865901371402,0.9393727128473789,0.7712460149971067,0.8472551110134161,0.8775825618903728,0.9323273456060345,0.7583618759905082
0.27,0.28,0.18,0.48,0.26,0.8525245220595057,0.9004471023526769,0.7316888688738209,0.862807070514761,0.8960524975255253,0.7248360107409052,0.8577086813638242,0.7899922314973651,0.9047516632199635,0.7384685587295879
0.299,0.32,0.31,0.33,0.87,0.8144590847870377,0.8202204753861273,0.8086162489581828,0.391072239676682,0.8080275083121519,0.7960837985490559,0.371659872260533,0.8020957578842927,0.3809248243668818,0.3623577544766736
0.3,0.27,0.31,0.31,0.54,0.8419009751622687,0.8196480178454795,0.8196480178454795,0.6674628258413081,0.8364626499151869,0.8364626499151869,0.6894984329517471,0.8138784566625339,0.6599831458849822,0.6599831458849822
0.245,0.26,0.38,0.49,0.27,0.8751744744262013,0.8109631195052179,0.7418307534023283,0.8702927222980654,0.8020957578842927,0.7316888688738209,0.862807070514761,0.6448265472400012,0.7960837985490559,0.7248360107409052
0.295,0.29,0.31,0.76,0.1,0.8337120858870376,0.82250209763238,0.4932277302099105,0.9229965643631173,0.8253356149096783,0.497571047891727,0.9249090598573131,0.48012422902853413,0.9171208228166051,0.6524374681640519
0.29,0.3,0.56,0.25,0.67,0.8309406791001634,0.6599831458849822,0.8577086813638242,0.5735199860724567,0.6524374681640518,0.8525245220595057,0.5652995311603544,0.6894984329517471,0.3342377271245026,0.6058201566434629
0.26,0.28,0.6,0.29,0.59,0.8577086813638242,0.6524374681640519,0.8525245220595057,0.6599831458849822,0.6371511441985802,0.8419009751622687,0.6448265472400012,0.629412026573697,0.371659872260533,0.6371511441985803
0.305,0.255,0.63,0.4,0.54,0.8472551110134161,0.5938184263740639,0.7616115517620616,0.6637312824868916,0.6332895014884152,0.7930479281016595,0.7002847660410397,0.5148188449699553,0.3901516843082303,0.5897880250310983
0.32,0.27,0.52,0.81,0.3,0.8309406791001634,0.6674628258413081,0.42665980793015723,0.8138784566625339,0.7038453156522362,0.47132836417373997,0.8419009751622687,0.23847605343372313,0.6822212072876136,0.44466151674170673
0.299,0.295,0.8,0.37,0.84,0.8287085934264558,0.4544871018390625,0.7844422598535878,0.41850292850580045,0.45804646971938234,0.7869167851284287,0.422132432588672,0.3901516843082303,-0.06914844865406218,0.35301940121933034
0.276,0.255,0.81,0.27,0.33,0.8623011058543124,0.46602816519775075,0.8546084452128195,0.8219329243999002,0.4845042117345603,0.8653239416229412,0.8337120858870376,0.47132836417373997,0.41759450395835795,0.8253356149096782
0.258,0.31,0.88,0.4,0.3,0.8429785547388383,0.41941093455034933,0.7912168843998866,0.8483157881913526,0.371659872260533,0.7583618759905082,0.8196480178454795,0.28671520963195546,0.3809248243668818,0.7648421872844885
0.32,0.28,0.72,0.89,0.58,0.8253356149096782,0.5062202572327784,0.35301940121933034,0.6216099682706646,0.5403023058681398,0.3901516843082303,0.6524374681640519,-0.039193631772987486,0.26749882862458757,0.10062573338693172
0.329,0.55,0.02,0.4,0.79,0.6379215643734772,0.9397151409113674,0.7458408992815589,0.43658232872766695,0.8419009751622687,0.5816830894638835,0.22875280780845939,0.9130889403123083,0.6894984329517471,0.371659872260533
0.295,0.59,0.29,0.31,0.55,0.6332895014884152,0.8337120858870376,0.82250209763238,0.6637312824868916,0.6371511441985803,0.6216099682706646,0.41759450395835795,0.8253356149096783,0.6674628258413081,0.6524374681640518
0.285,0.64,0.18,0.61,0.45,0.6018345923821126,0.8938215656067205,0.6255188163910961,0.7418307534023283,0.6822212072876136,0.3153223623952687,0.4624853668753008,0.7038453156522362,0.8080275083121519,0.48887208186052755
0.265,0.6,0.28,0.66,0.07,0.648640115686581,0.8551272907805307,0.6018345923821126,0.944410309632643,0.6371511441985802,0.3058169083782893,0.7838216658808493,0.5897880250310983,0.9393727128473789,0.7451744023448704
0.315,0.69,0.28,0.8,0.7,0.536088214709971,0.8281484988395901,0.440177483716293,0.5276199315484069,0.5652995311603544,0.08070844845480062,0.17981297767299956,0.47132836417373997,0.5570225467662173,0.0707372016677029
0.28,0.78,0.44,0.17,0.66,0.48887208186052755,0.751805729140895,0.9004471023526769,0.5897880250310983,0.34364574631604705,0.5816830894638835,0.13042370873814554,0.8196480178454795,0.4535961214255773,0.6748757600712672
0.325,0.61,0.46,0.32,0.81,0.5938184263740639,0.7073882691671998,0.7990997669429512,0.422132432588672,0.48012422902853413,0.5978339822872983,0.15022546991168584,0.7109135380122773,0.2962808729253187,0.42665980793015723
0.28,0.65,0.4,0.65,0.13,0.5978339822872982,0.7775727187509279,0.5978339822872982,0.9171208228166051,0.497571047891727,0.26749882862458735,0.7109135380122773,0.497571047891727,0.862807070514761,0.7109135380122773
0.255,0.75,0.35,0.72,0.25,0.536088214709971,0.82250209763238,0.5611680535493415,0.8751744744262013,0.4535961214255773,0.10062573338693172,0.5403023058681398,0.4801242290285343,0.8253356149096783,0.5652995311603544
0.305,0.55,0.5,0.11,0.333,0.6562185097387998,0.6931112350218444,0.9151163204946318,0.8032885437797759,0.497571047891727,0.7899922314973651,0.6348360638522083,0.8196480178454795,0.6726589323399843,0.9034697753620612
0.3,0.85,0.54,0.25,0.83,0.4084874408841574,0.6674628258413081,0.8525245220595057,0.4266598079301574,0.17981297767299934,0.4535961214255773,-0.10898675223987112,0.7038453156522362,0.19944972099757285,0.47132836417373997
0.325,0.9,0.52,0.49,0.76,0.3389459735361172,0.6637312824868916,0.6858683934567374,0.4669127019211353,0.15022546991168584,0.17981297767299934,-0.08908541693645919,0.5318607213743555,0.28671520963195546,0.3153223623952687
0.312,0.8,0.67,0.92,0.5,0.4428692312418743,0.5553604390878408,0.33235208230205926,0.6880484805723165,0.1006257333869315,-0.14865070027136387,0.26749882862458735,-0.019202492901692646,0.3901516843082303,0.15022546991168584
0.299,0.7,0.95,0.22,0.66,0.5411435065615722,0.3162711891952922,0.8683156258231266,0.5743388907442566,-0.07912088880673387,0.6058201566434629,0.20923866589141948,0.3901516843082303,-0.039193631772987486,0.6371511441985802
0.265,0.76,0.8,0.28,0.28,0.5190988868333698,0.4845042117345603,0.8551272907805307,0.8551272907805307,0.010796117058267392,0.5062202572327784,0.5062202572327784,0.47132836417373997,0.47132836417373997,0.8472551110134161
0.255,0.72,0.72,0.63,0.14,0.5611680535493415,0.5611680535493415,0.6332895014884152,0.9229965643631173,0.13042370873814554,0.2190066870930415,0.6524374681640519,0.2190066870930415,0.6524374681640519,0.7179106696109434
0.295,0.6,0.72,0.88,0.28,0.6255188163910961,0.5276199315484069,0.385543073615936,0.8391923024206542,0.24817545165237312,0.09067162446430967,0.6371511441985802,-0.029199522301288815,0.5403023058681398,0.39933952940627304
0.39,0.05,0.02,0.06,0.34,0.9047516632199635,0.9171208228166051,0.9004471023526769,0.7451744023448704,0.9975510002532796,0.9939560979566968,0.9249090598573131,0.9968017063026194,0.9358968236779348,0.9210609940028851
0.4,0.18,0.26,0.26,0.67,0.8364626499151869,0.7899922314973651,0.7899922314973651,0.48012422902853413,0.9047516632199635,0.9047516632199635,0.6599831458849822,0.8678191796776499,0.5978339822872982,0.5978339822872982
0.45,0.04,0.18,0.55,0.07,0.8823328586101216,0.8080275083121519,0.5403023058681398,0.8678191796776499,0.9758974493306055,0.8309406791001634,0.9939560979566968,0.7451744023448704,0.9689124217106447,0.8138784566625339
0.48,0.12,0.28,0.7,0.71,0.8253356149096783,0.7248360107409052,0.3809248243668818,0.371659872260533,0.9210609940028851,0.6822212072876136,0.6748757600712672,0.5570225467662173,0.5486898605815876,0.16010431155483126
0.4,0.12,0.41,0.1,0.65,0.8678191796776499,0.6894984329517471,0.8775825618903728,0.497571047891727,0.862807070514761,0.9758974493306055,0.7179106696109434,0.8727445076457513,0.48887208186052755,0.7316888688738209
0.41,0.18,0.33,0.31,0.5,0.8309406791001634,0.7384685587295879,0.751805729140895,0.6137457494888117,0.8727445076457513,0.8823328586101216,0.7775727187509279,0.8020957578842927,0.6748757600712672,0.6894984329517471
0.38,0.1,0.4,0.48,0.26,0.8869949227792842,0.7109135380122773,0.6524374681640519,0.8020957578842927,0.8775825618903728,0.8364626499151869,0.9358968236779348,0.6371511441985802,0.7899922314973651,0.7384685587295879
0.37,0.06,0.32,0.78,0.1,0.9089657496748851,0.7712460149971067,0.4084874408841574,0.891568288195329,0.9286646355765102,0.6674628258413081,0.9872272833756269,0.4535961214255773,0.9130889403123083,0.6371511441985802
0.41,0.09,0.58,0.18,0.58,0.8775825618903728,0.5486898605815876,0.8309406791001634,0.5486898605815876,0.7838216658808493,0.9637708963658905,0.7838216658808493,0.7248360107409052,0.3993395294062732,0.7248360107409052
0.38,0.01,0.53,0.27,0.3,0.9249090598573131,0.6137457494888116,0.7960837985490559,0.7775727187509279,0.8577086813638242,0.9610554383107709,0.9523335698857134,0.6967067093471655,0.6748757600712672,0.8419009751622687
0.33,0.04,0.5,0.55,0.1,0.9323273456060345,0.6748757600712672,0.6371511441985802,0.9089657496748851,0.8577086813638242,0.8309406791001634,0.9902159962126371,0.497571047891727,0.8253356149096783,0.7960837985490559
0.42,0.15,0.66,0.78,0.4,0.8419009751622688,0.47132836417373997,0.3623577544766736,0.6822212072876136,0.6894984329517471,0.5978339822872982,0.8525245220595057,0.13042370873814554,0.48887208186052755,0.38092482436688163
0.44,0.08,0.8,0.22,0.56,0.8678191796776499,0.32479628443877623,0.7899922314973651,0.5403023058681398,0.6371511441985802,0.955336489125606,0.8020957578842927,0.5233659512516496,0.20923866589141926,0.7109135380122773
0.39,0.15,0.81,0.22,0.29,0.8577086813638242,0.3623577544766734,0.8196480178454795,0.7775727187509279,0.5735199860724567,0.9323273456060345,0.9047516632199635,0.5148188449699553,0.4535961214255773,0.8727445076457513
0.42,0.21,0.87,0.56,0.48,0.8080275083121519,0.2771208750565576,0.5570225467662173,0.6216099682706646,0.47132836417373997,0.7179106696109434,0.7712460149971067,0.1403316058467365,0.2190066870930415,0.5062202572327784
0.46,0.2,0.76,0.95,0.65,0.7899922314973651,0.34364574631604705,0.16010431155483126,0.44466151674170673,0.5735199860724567,0.4084874408841574,0.6599831458849822,-0.13875453495237758,0.16010431155483104,-0.029199522301288815
0.365,0.243,0.19,0.24,0.35,0.8207921127063681,0.8499004402698316,0.82250209763238,0.7550932412115529,0.9077110488007095,0.8856055958565062,0.8292678593047971,0.9089657496748851,0.8577086813638242,0.8309406791001634
0.33,0.27,0.2,0.33,0.1,0.8253356149096782,0.862807070514761,0.7899922314973651,0.9089657496748851,0.8915682881953289,0.8253356149096782,0.9323273456060345,0.862807070514761,0.955336489125606,0.9089657496748851
0.345,0.299,0.1,0.64,0.13,0.7997005657314153,0.9026106653961322,0.5528631144484356,0.8892927216231682,0.921449951749832,0.5905952881029224,0.9093821659249989,0.7384685587295879,0.9736663950053749,0.7179106696109434
0.48,0.3,0.15,0.65,0.77,0.7109135380122773,0.8080275083121519,0.4266598079301574,0.3153223623952687,0.900447102352677,0.5816830894638836,0.48012422902853413,0.6967067093471655,0.6058201566434629,0.15022546991168584
0.49,0.245,0.38,0.14,0.86,0.7418307534023283,0.6448265472400012,0.8080275083121519,0.2190066870930415,0.8109631195052179,0.9267984326731847,0.4491344332523616,0.8678191796776499,0.32479628443877623,0.5403023058681398
0.334,0.295,0.33,0.32,0.3,0.8086162489581828,0.7875334506999538,0.7936566907195313,0.8056644713531409,0.8109631195052179,0.8167734469008229,0.8281484988395901,0.7960837985490559,0.8080275083121519,0.8138784566625339
0.36,0.29,0.37,0.48,0.13,0.7960837985490559,0.7451744023448704,0.6674628258413082,0.8823328586101216,0.7899922314973651,0.7179106696109434,0.9130889403123083,0.6599831458849822,0.8775825618903728,0.8196480178454795
0.39,0.26,0.39,0.77,0.14,0.7960837985490559,0.7109135380122773,0.39933952940627304,0.862807070514761,0.7960837985490559,0.5148188449699553,0.9210609940028851,0.39933952940627304,0.862807070514761,0.6137457494888116
0.43,0.305,0.51,0.09,0.64,0.7418307534023283,0.5897880250310983,0.8678191796776499,0.48012422902853413,0.6858683934567374,0.9229965643631173,0.5857428790182249,0.8253356149096783,0.4084874408841574,0.7451744023448704
0.44,0.32,0.55,0.33,0.52,0.7248360107409052,0.5486898605815876,0.7179106696109434,0.5735199860724567,0.6448265472400012,0.7960837985490559,0.6674628258413081,0.6371511441985802,0.48012422902853413,0.6599831458849822
0.45,0.299,0.63,0.36,0.51,0.7323701416758338,0.47132836417373997,0.6894984329517471,0.5735199860724567,0.5986353031776125,0.7906049532510695,0.690222375256215,0.5486898605815876,0.41759450395835795,0.6448265472400012
0.495,0.276,0.58,0.77,0.83,0.7172141755330337,0.4757322432417888,0.3010526538021365,0.24332879414663827,0.6554636108391995,0.5010367509785203,0.4482407446429246,0.2190066870930415,0.16010431155483126,-0.029199522301288815
0.465,0.258,0.73,0.18,0.59,0.7498241949689664,0.3670134010265584,0.7990997669429512,0.4932277302099105,0.5503608140447322,0.9056017320794529,0.6614843857277041,0.6137457494888117,0.24817545165237312,0.7179106696109434
0.475,0.32,0.79,0.31,0.54,0.7002847660410398,0.3010526538021365,0.7073882691671998,0.5276199315484067,0.44466151674170673,0.8080275083121519,0.6524374681640518,0.4535961214255773,0.23847605343372313,0.6599831458849822
0.348,0.329,0.83,0.61,0.18,0.7794555959188059,0.3827732733094953,0.5751572210772138,0.8638164109095605,0.4002561326924963,0.5905952881029224,0.8732322484390538,0.13042370873814554,0.5318607213743555,0.7038453156522362
0.385,0.26,0.76,0.84,0.3,0.7990997669429512,0.4130461354871949,0.3389459735361172,0.7744190470919388,0.5233659512516496,0.4535961214255773,0.8472551110134161,-0.029199522301288815,0.48887208186052755,0.4175945039583582
0.445,0.39,0.02,0.24,0.88,0.6711776826598423,0.8938215656067205,0.7744190470919388,0.24332879414663827,0.9171208228166051,0.8080275083121519,0.2962808729253187,0.9663899781345132,0.6216099682706645,0.43568244627671204
0.43,0.45,0.27,0.27,0.89,0.6371511441985802,0.7648421872844885,0.7648421872844885,0.2481754516523729,0.751805729140895,0.751805729140895,0.22875280780845939,0.8577086813638242,0.39933952940627304,0.39933952940627304
0.33,0.34,0.1,0.49,0.12,0.7838216658808492,0.9089657496748851,0.6822212072876136,0.9004471023526769,0.9047516632199634,0.6748757600712672,0.8960524975255253,0.8309406791001634,0.9758974493306055,0.8196480178454795
0.4,0.33,0.12,0.3,0.9,0.7451744023448704,0.8678191796776499,0.7648421872844885,0.26749882862458735,0.9004471023526769,0.8080275083121519,0.3342377271245026,0.9130889403123083,0.5233659512516496,0.3623577544766736
0.34,0.4,0.38,0.2,0.61,0.7384685587295879,0.751805729140895,0.8577086813638242,0.5816830894638836,0.7109135380122773,0.8253356149096782,0.5318607213743555,0.8364626499151869,0.5486898605815876,0.6894984329517471
0.38,0.36,0.46,0.49,0.78,0.7384685587295879,0.6674628258413081,0.6448265472400012,0.39933952940627304,0.6822212072876136,0.6599831458849822,0.41759450395835795,0.5816830894638836,0.32479628443877623,0.2962808729253187
0.35,0.38,0.32,0.6,0.16,0.7451744023448704,0.7838216658808493,0.5816830894638836,0.8727445076457513,0.7648421872844885,0.5570225467662173,0.8577086813638242,0.6058201566434629,0.8869949227792842,0.7248360107409052
0.41,0.49,0.34,0.21,0.92,0.6216099682706646,0.7316888688738209,0.8138784566625339,0.23847605343372313,0.6748757600712672,0.7648421872844885,0.16010431155483104,0.8525245220595057,0.3058169083782893,0.42665980793015723
0.42,0.36,0.63,0.04,0.25,0.7109135380122773,0.497571047891727,0.8960524975255253,0.7838216658808493,0.5486898605815876,0.9210609940028851,0.8196480178454795,0.7838216658808492,0.6371511441985802,0.9582438755126972
0.43,0.38,0.62,0.33,0.49,0.6894984329517471,0.497571047891727,0.7248360107409052,0.6058201566434629,0.5403023058681398,0.7583618759905082,0.6448265472400012,0.5816830894638836,0.44466151674170695,0.6822212072876136
0.44,0.33,0.59,0.53,0.85,0.7179106696109434,0.5148188449699553,0.5652995311603544,0.2771208750565576,0.6058201566434629,0.6524374681640518,0.3809248243668818,0.43568244627671204,0.13042370873814554,0.18964083129783446
0.4,0.42,0.58,0.75,0.16,0.6822212072876136,0.5570225467662173,0.4084874408841574,0.8472551110134161,0.5403023058681398,0.3901516843082303,0.8364626499151869,0.23847605343372313,0.7384685587295879,0.6137457494888116
0.46,0.44,0.89,0.12,0.66,0.6216099682706645,0.2190066870930415,0.8364626499151869,0.43568244627671204,0.23847605343372313,0.8472551110134161,0.4535961214255773,0.5318607213743555,0.02079482780309243,0.7109135380122773
0.38,0.39,0.79,0.33,0.3,0.7179106696109434,0.3901516843082303,0.7583618759905082,0.7775727187509279,0.38092482436688163,0.751805729140895,0.7712460149971067,0.43568244627671204,0.4624853668753008,0.8080275083121519
0.39,0.42,0.83,0.65,0.19,0.6894984329517471,0.34364574631604705,0.5062202572327784,0.8364626499151869,0.3153223623952687,0.48012422902853413,0.8196480178454795,0.09067162446430967,0.5233659512516496,0.6674628258413081
0.49,0.34,0.88,0.75,0.71,0.6748757600712672,0.19944972099757285,0.32479628443877623,0.3623577544766736,0.34364574631604705,0.4624853668753008,0.497571047891727,-0.059169093714148135,-0.019202492901692424,0.11056977982006957
0.46,0.64,0.22,0.22,0.6,0.4535961214255773,0.7775727187509279,0.7775727187509279,0.48887208186052755,0.6524374681640519,0.6524374681640519,0.32479628443877623,0.9047516632199635,0.6822212072876136,0.6822212072876136
0.44,0.55,0.11,0.26,0.83,0.5486898605815876,0.8525245220595057,0.7648421872844885,0.2962808729253187,0.7899922314973651,0.6894984329517471,0.18964083129783446,0.9323273456060345,0.5897880250310983,0.462485366875301
0.365,0.68,0.1,0.63,0.18,0.5019019263232615,0.8938215656067205,0.5445028894968027,0.8551272907805308,0.7109135380122773,0.2578500325326696,0.6524374681640518,0.7451744023448704,0.9610554383107709,0.6894984329517471
0.45,0.65,0.19,0.99,0.55,0.4535961214255773,0.8020957578842927,0.13042370873814554,0.5403023058681398,0.6674628258413081,-0.06914844865406218,0.3623577544766734,0.3809248243668818,0.7384685587295879,0.030791459082466124
0.46,0.78,0.38,0.24,0.89,0.32479628443877623,0.6674628258413081,0.7648421872844885,0.2190066870930415,0.39933952940627304,0.5233659512516496,-0.09904103659872802,0.8138784566625339,0.2962808729253187,0.4266598079301574
0.37,0.55,0.41,0.29,0.3,0.6058201566434629,0.7109135380122773,0.7899922314973651,0.7838216658808493,0.5735199860724567,0.6674628258413081,0.6599831458849822,0.7648421872844885,0.7583618759905082,0.8309406791001634
0.38,0.59,0.31,0.62,0.2,0.5652995311603544,0.7712460149971067,0.5403023058681398,0.8364626499151869,0.6216099682706646,0.35301940121933034,0.7038453156522362,0.5978339822872983,0.8727445076457513,0.6822212072876136
0.49,0.64,0.34,0.78,0.21,0.4266598079301574,0.6748757600712672,0.2962808729253187,0.7648421872844885,0.5570225467662173,0.15022546991168584,0.6599831458849822,0.43568244627671204,0.8525245220595057,0.5486898605815876
0.495,0.82,0.67,0.01,0.93,0.25301590478474223,0.39475054122873704,0.8751744744262013,0.14528035387985133,0.08070844845480062,0.6748757600712672,-0.17824605564949209,0.7775727187509279,-0.029199522301288815,0.5897880250310983
0.44,0.69,0.61,0.29,0.57,0.4266598079301574,0.497571047891727,0.7451744023448704,0.5318607213743555,0.26749882862458757,0.5570225467662173,0.3058169083782895,0.6216099682706646,0.3809248243668818,0.652437468164052
0.365,0.57,0.59,0.55,0.25,0.593818426374064,0.5776087578626016,0.6097905754324502,0.8167734469008229,0.3993395294062732,0.43568244627671204,0.6822212072876136,0.41759450395835795,0.6674628258413082,0.6967067093471655
0.49,0.9,0.52,0.9,0.47,0.17981297767299934,0.5318607213743555,0.17981297767299934,0.5735199860724567,0.15022546991168584,-0.2272020946930871,0.19944972099757285,0.15022546991168584,0.5486898605815876,0.19944972099757285
0.445,0.7,0.82,0.16,0.64,0.4130461354871949,0.30105265380213675,0.82250209763238,0.4669127019211353,0.05077448493357918,0.6524374681640519,0.2287528078084596,0.5570225467662173,0.11056977982006957,0.6967067093471655
0.42,0.7,0.72,0.3,0.8,0.43568244627671227,0.4175945039583582,0.751805729140895,0.34364574631604705,0.15022546991168584,0.5403023058681398,0.0707372016677029,0.5233659512516496,0.05077448493357918,0.4535961214255773
0.37,0.6,0.77,0.4,0.5,0.5652995311603544,0.41759450395835795,0.7179106696109434,0.6448265472400012,0.19944972099757285,0.5403023058681398,0.4535961214255773,0.3901516843082303,0.2962808729253187,0.6216099682706645
0.4,0.61,0.71,0.88,0.67,0.5318607213743555,0.44466151674170695,0.28671520963195546,0.48012422902853413,0.24817545165237312,0.08070844845480062,0.28671520963195546,-0.019202492901692424,0.18964083129783446,0.02079482780309243
0.6,0.14,0.22,0.11,0.66,0.7384685587295879,0.6822212072876136,0.7583618759905082,0.3058169083782893,0.9358968236779348,0.9689124217106447,0.6967067093471655,0.946042343528387,0.6371511441985802,0.7179106696109434
0.55,0.1,0.27,0.25,0.29,0.7960837985490559,0.6822212072876136,0.6967067093471655,0.6674628258413081,0.9323273456060345,0.9393727128473789,0.9249090598573131,0.8678191796776499,0.8472551110134161,0.8577086813638242
0.68,0.19,0.19,0.48,0.1,0.6448265472400012,0.6448265472400012,0.39933952940627304,0.7109135380122773,0.9286646355765102,0.7838216658808493,0.9582438755126972,0.7838216658808493,0.9582438755126972,0.8364626499151869
0.73,0.2,0.07,0.72,0.26,0.5978339822872983,0.6967067093471655,0.1205027693673666,0.5486898605815876,0.9637708963658905,0.6058201566434629,0.8960524975255253,0.7038453156522362,0.946042343528387,0.5570225467662173
0.78,0.15,0.38,0.18,0.63,0.5978339822872982,0.39933952940627304,0.5735199860724567,0.16010431155483104,0.862807070514761,0.946042343528387,0.7109135380122773,0.8472551110134161,0.5318607213743555,0.6894984329517471
0.55,0.1,0.34,0.3,0.1,0.7960837985490559,0.6294120265736968,0.6599831458849822,0.7960837985490559,0.9047516632199634,0.9210609940028851,0.9800665778412416,0.8020957578842927,0.9047516632199634,0.9210609940028851
0.59,0.18,0.31,0.55,0.09,0.7179106696109434,0.6216099682706646,0.41759450395835795,0.7775727187509279,0.8823328586101216,0.7451744023448704,0.9637708963658905,0.6524374681640518,0.9210609940028851,0.8020957578842927
0.64,0.09,0.33,0.65,0.5,0.7451744023448704,0.5652995311603544,0.2771208750565576,0.41759450395835795,0.9130889403123083,0.7384685587295879,0.8309406791001634,0.5570225467662173,0.6748757600712672,0.4084874408841574
0.6,0.19,0.55,0.08,0.1,0.7038453156522362,0.4084874408841574,0.7775727187509279,0.7648421872844885,0.7384685587295879,0.9637708963658905,0.9582438755126972,0.8080275083121519,0.7960837985490559,0.9838436927881214
0.69,0.02,0.62,0.3,0.29,0.7583618759905082,0.2578500325326696,0.5486898605815876,0.5570225467662173,0.8020957578842927,0.9492354180824408,0.9523335698857134,0.6058201566434629,0.6137457494888117,0.8309406791001634
0.78,0.21,0.68,0.65,0.75,0.5486898605815876,0.11056977982006957,0.1403316058467365,0.040785011241591035,0.6294120265736969,0.6524374681640519,0.5735199860724567,0.23847605343372313,0.1403316058467365,0.169967142900241
0.62,0.14,0.52,0.81,0.15,0.7248360107409052,0.41759450395835795,0.1403316058467365,0.7179106696109434,0.7899922314973651,0.5816830894638835,0.9582438755126972,0.23847605343372313,0.7838216658808492,0.5735199860724567
0.7,0.18,0.88,0.09,0.66,0.6371511441985803,-0.009203543268808336,0.7038453156522362,0.20923866589141948,0.48887208186052755,0.9637708963658905,0.6674628258413081,0.5652995311603544,0.030791459082466124,0.7316888688738209
0.75,0.015,0.78,0.31,0.53,0.7213823574366063,0.040785011241591035,0.48887208186052755,0.28671520963195546,0.7002847660410397,0.9476507264148157,0.8551272907805307,0.4624853668753008,0.2578500325326696,0.6674628258413081
0.55,0.17,0.71,0.48,0.11,0.7518057291408949,0.3058169083782893,0.5148188449699553,0.7899922314973651,0.6371511441985802,0.7960837985490559,0.9610554383107709,0.371659872260533,0.6822212072876136,0.8309406791001634
0.85,0.05,0.91,0.8,0.68,0.6216099682706645,-0.18807683889288013,-0.07912088880673387,0.040785011241591035,0.5735199860724567,0.6599831458849822,0.7451744023448703,-0.13875453495237758,-0.019202492901692646,0.09067162446430967
0.78,0.27,0.13,0.14,0.62,0.497571047891727,0.6137457494888116,0.6058201566434629,0.169967142900241,0.9210609940028851,0.9171208228166051,0.6294120265736969,0.9637708963658905,0.7316888688738209,0.7248360107409052
0.8,0.29,0.06,0.31,0.51,0.4624853668753008,0.6524374681640518,0.44466151674170673,0.2578500325326696,0.9393727128473789,0.8253356149096783,0.6967067093471655,0.9323273456060345,0.8419009751622687,0.6822212072876136
0.9,0.26,0.19,0.58,0.79,0.39933952940627304,0.4624853668753008,0.09067162446430967,-0.11892156929661223,0.9004471023526769,0.6674628258413082,0.497571047891727,0.7179106696109434,0.5570225467662173,0.19944972099757285
0.76,0.258,0.07,0.83,0.34,0.525069119427851,0.6748757600712672,-0.019202492901692424,0.4535961214255773,0.9466885370690631,0.46425769455160537,0.8264632484329323,0.6216099682706646,0.9171208228166051,0.3901516843082303
0.72,0.32,0.48,0.2,0.6,0.5062202572327784,0.3623577544766736,0.6058201566434629,0.24817545165237312,0.6967067093471655,0.8678191796776499,0.6058201566434629,0.7775727187509279,0.47132836417373997,0.6967067093471655
0.6,0.251,0.39,0.29,0.3,0.6592315356135099,0.5486898605815876,0.629412026573697,0.6216099682706646,0.8014981614946173,0.8571941166035555,0.8520014086554641,0.7775727187509279,0.7712460149971067,0.8309406791001634
0.52,0.288,0.32,0.5,0.3,0.6909456273383651,0.6674628258413081,0.5233659512516496,0.6822212072876136,0.8207921127063681,0.7052646135597718,0.8320517385233703,0.6822212072876136,0.8138784566625339,0.6967067093471655
0.6,0.31,0.31,0.87,0.58,0.6137457494888117,0.6137457494888117,0.10062573338693172,0.3809248243668818,0.8138784566625339,0.3809248243668818,0.629412026573697,0.3809248243668818,0.629412026573697,0.1205027693673666
0.51,0.255,0.55,0.17,0.64,0.7213823574366063,0.48887208186052755,0.7775727187509279,0.4084874408841574,0.6931112350218442,0.9110387329540337,0.6255188163910961,0.7518057291408949,0.371659872260533,0.6894984329517471
0.58,0.295,0.62,0.28,0.3,0.6409968581633252,0.3623577544766736,0.6524374681640519,0.6371511441985803,0.6097905754324502,0.8391923024206542,0.8281484988395901,0.6216099682706645,0.6058201566434629,0.8364626499151869
0.61,0.258,0.56,0.62,0.24,0.6463539144422826,0.3901516843082303,0.3342377271245026,0.6599831458849822,0.6836821335302466,0.6386913466268629,0.8785396571638084,0.38092482436688163,0.6967067093471655,0.6524374681640519
0.77,0.267,0.59,0.78,0.28,0.5088051880442422,0.20923866589141948,0.02079482780309243,0.497571047891727,0.654708056476043,0.50017107459707,0.8540887450367343,0.19944972099757285,0.6448265472400012,0.48887208186052755
0.79,0.28,0.88,0.2,0.66,0.48012422902853413,-0.09904103659872802,0.5486898605815876,0.12050276936736638,0.39933952940627304,0.8869949227792842,0.5897880250310983,0.47132836417373997,0.030791459082466124,0.6524374681640518
0.68,0.27,0.78,0.31,0.57,0.5816830894638835,0.11056977982006957,0.5486898605815876,0.3153223623952687,0.497571047891727,0.8364626499151869,0.6674628258413082,0.4624853668753008,0.2190066870930415,0.6371511441985803
0.58,0.299,0.73,0.63,0.21,0.6379215643734772,0.2578500325326696,0.35301940121933034,0.7038453156522362,0.5156758864068599,0.5986353031776125,0.8732322484390538,0.20923866589141948,0.5897880250310983,0.6674628258413082
0.77,0.29,0.74,0.82,0.68,0.48887208186052755,0.0607588812193859,-0.019202492901692424,0.12050276936736638,0.5148188449699553,0.44466151674170695,0.5652995311603544,0.010796117058267392,0.15022546991168584,0.0707372016677029
0.71,0.475,0.13,0.23,0.59,0.3762970520170581,0.6674628258413082,0.5897880250310983,0.26749882862458757,0.82250209763238,0.7616115517620617,0.4845042117345603,0.9358968236779348,0.751805729140895,0.6822212072876136
0.58,0.348,0.06,0.29,0.31,0.5994360254326735,0.8020957578842927,0.6448265472400013,0.629412026573697,0.9179162067000608,0.803288543779776,0.7912168843998867,0.9393727128473789,0.9323273456060345,0.8253356149096783
0.88,0.335,0.19,0.55,0.78,0.348336927970217,0.48012422902853413,0.1403316058467365,-0.08908541693645919,0.8653239416229412,0.6332895014884152,0.440177483716293,0.7384685587295879,0.5652995311603544,0.23847605343372313
0.99,0.49,0.07,0.7,0.69,0.09067162446430967,0.48887208186052755,-0.11892156929661223,-0.10898675223987112,0.8472551110134161,0.371659872260533,0.3809248243668818,0.7179106696109434,0.7248360107409052,0.17981297767299956
0.73,0.43,0.32,0.12,0.65,0.3993395294062732,0.497571047891727,0.6599831458849822,0.18964083129783446,0.7316888688738209,0.8525245220595057,0.47132836417373997,0.9047516632199635,0.5652995311603544,0.7179106696109434
0.61,0.33,0.36,0.28,0.28,0.5897880250310983,0.5652995311603544,0.6294120265736969,0.6294120265736969,0.7712460149971067,0.8196480178454795,0.8196480178454795,0.8020957578842927,0.8020957578842927,0.8472551110134161
0.51,0.4,0.4,0.59,0.23,0.6137457494888116,0.6137457494888116,0.4535961214255773,0.7384685587295879,0.6967067093471655,0.5486898605815876,0.8080275083121519,0.5486898605815876,0.8080275083121519,0.6822212072876136
0.83,0.44,0.49,0.91,0.66,0.2962808729253187,0.24817545165237312,-0.16839744794907702,0.08070844845480062,0.5978339822872983,0.2190066870930415,0.4535961214255773,0.169967142900241,0.4084874408841574,0.0007963267107332633
0.66,0.38,0.55,0.15,0.62,0.5062202572327784,0.35301940121933034,0.6894984329517471,0.28671520963195546,0.5978339822872982,0.862807070514761,0.5403023058681398,0.7648421872844884,0.3901516843082303,0.7179106696109434
0.58,0.35,0.51,0.27,0.3,0.5978339822872983,0.462485366875301,0.6599831458849822,0.6371511441985803,0.6524374681640519,0.8138784566625339,0.7960837985490559,0.7109135380122773,0.6894984329517471,0.8419009751622687
0.523,0.41,0.55,0.6,0.22,0.5954264358210324,0.4774904709057004,0.432980188431095,0.7364423749229758,0.5735199860724567,0.5318607213743555,0.8080275083121519,0.4084874408841574,0.7179106696109434,0.6822212072876136
0.66,0.36,0.56,0.4,0.83,0.5233659512516496,0.34364574631604683,0.48887208186052755,0.08070844845480062,0.6058201566434629,0.7248360107409052,0.371659872260533,0.5735199860724567,0.17981297767299934,0.3342377271245026
0.62,0.37,0.81,0.13,0.64,0.5486898605815876,0.1403316058467365,0.7316888688738209,0.3058169083782893,0.38092482436688163,0.8775825618903728,0.5318607213743555,0.5897880250310983,0.12050276936736638,0.7179106696109434
0.52,0.44,0.82,0.3,0.52,0.5735199860724567,0.2287528078084596,0.6822212072876136,0.5062202572327784,0.3058169083782893,0.7384685587295879,0.5735199860724567,0.43568244627671227,0.2287528078084596,0.6822212072876136
0.5,0.4,0.73,0.62,0.2,0.6216099682706645,0.3342377271245026,0.43568244627671204,0.7648421872844885,0.4266598079301574,0.5233659512516496,0.8253356149096782,0.2190066870930415,0.5978339822872983,0.6822212072876136
0.71,0.46,0.95,0.78,0.86,0.3901516843082303,-0.08908541693645897,0.08070844845480062,0.0007963267107334854,0.16010431155483126,0.32479628443877623,0.2481754516523729,-0.15853200064419776,-0.23692904868467468,-0.06914844865406218
0.64,0.55,0.15,0.18,0.63,0.371659872260533,0.7038453156522362,0.6822212072876136,0.2962808729253187,0.7648421872844884,0.7451744023448704,0.38092482436688163,0.946042343528387,0.7109135380122773,0.6894984329517471
0.52,0.85,0.06,0.27,0.25,0.19944972099757285,0.8364626499151869,0.7038453156522362,0.7179106696109434,0.6137457494888117,0.43568244627671204,0.4535961214255773,0.946042343528387,0.9523335698857134,0.8678191796776499
0.62,0.62,0.24,0.65,0.25,0.32479628443877623,0.6524374681640519,0.2962808729253187,0.6448265472400012,0.6524374681640519,0.2962808729253187,0.6448265472400012,0.6294120265736969,0.8823328586101216,0.6216099682706645
0.91,0.58,0.26,0.89,0.88,0.08070844845480062,0.3901516843082303,-0.2272020946930871,-0.21745242068136467,0.6674628258413082,0.10062573338693172,0.11056977982006957,0.4084874408841574,0.41759450395835795,-0.19788881460910904
0.62,0.67,0.39,0.1,0.66,0.2771208750565576,0.5318607213743555,0.751805729140895,0.28671520963195546,0.48887208186052755,0.7179106696109434,0.23847605343372313,0.8823328586101216,0.497571047891727,0.7248360107409052
0.58,0.58,0.31,0.29,0.29,0.3993395294062732,0.629412026573697,0.6448265472400013,0.6448265472400013,0.629412026573697,0.6448265472400013,0.6448265472400013,0.8253356149096783,0.8253356149096783,0.8364626499151869
0.89,0.68,0.49,0.65,0.9,0.0007963267107332633,0.18964083129783446,0.030791459082466124,-0.21745242068136467,0.3901516843082303,0.23847605343372313,-0.009203543268808336,0.41759450395835795,0.17981297767299934,0.02079482780309243
0.72,0.6,0.45,0.79,0.45,0.24817545165237312,0.3901516843082303,0.0607588812193859,0.3901516843082303,0.497571047891727,0.17981297767299934,0.497571047891727,0.32479628443877623,0.6216099682706645,0.32479628443877623
0.68,0.63,0.65,0.09,0.66,0.2578500325326696,0.23847605343372313,0.7179106696109434,0.22875280780845939,0.28671520963195546,0.751805729140895,0.2771208750565576,0.7384685587295879,0.2578500325326696,0.7316888688738209
0.56,0.6,0.6,0.31,0.5,0.39933952940627304,0.39933952940627304,0.6448265472400012,0.48887208186052755,0.3623577544766736,0.6137457494888117,0.4535961214255773,0.6137457494888117,0.4535961214255773,0.6894984329517471
0.54,0.51,0.55,0.64,0.19,0.497571047891727,0.4624853668753008,0.38092482436688163,0.7451744023448704,0.48887208186052755,0.4084874408841574,0.7648421872844885,0.371659872260533,0.7384685587295879,0.6748757600712672
0.61,0.78,0.69,0.92,0.58,0.17981297767299934,0.26749882862458757,0.040785011241591035,0.371659872260533,0.10062573338693172,-0.12884449429552486,0.20923866589141948,-0.039193631772987486,0.2962808729253187,0.0707372016677029
0.78,0.61,0.71,0.19,0.6,0.17981297767299934,0.08070844845480062,0.5652995311603544,0.18964083129783446,0.24817545165237312,0.6967067093471655,0.35301940121933034,0.6216099682706646,0.2578500325326696,0.7038453156522362
0.54,0.82,0.71,0.29,0.77,0.20923866589141948,0.3153223623952687,0.6748757600712672,0.2578500325326696,0.04078501124159126,0.44466151674170695,-0.019202492901692424,0.5403023058681398,0.09067162446430967,0.48887208186052755
0.5,0.75,0.81,0.61,0.26,0.3153223623952687,0.2578500325326696,0.44466151674170695,0.7248360107409052,0.010796117058267392,0.20923866589141948,0.5318607213743555,0.15022546991168584,0.48012422902853413,0.6448265472400012
0.66,0.9,0.76,0.87,0.74,0.010796117058267392,0.15022546991168584,0.040785011241591035,0.169967142900241,-0.08908541693645919,-0.19788881460910904,-0.06914844865406218,-0.059169093714148135,0.0707372016677029,-0.039193631772987486
0.0,0.1,0.5,0.26,0.05,0.9950041652780257,0.8775825618903728,0.9663899781345132,0.9987502603949663,0.8253356149096783,0.9358968236779348,0.9887710779360422,0.7248360107409052,0.8525245220595057,0.9523335698857134
0.05,0.05,0.55,0.6,0.14,0.9950041652780257,0.8253356149096782,0.7960837985490559,0.9820042351172703,0.8253356149096782,0.7960837985490559,0.9820042351172703,0.4084874408841574,0.7712460149971065,0.7384685587295879
0.08,0.18,0.63,0.6,0.85,0.9663899781345132,0.7583618759905082,0.7775727187509279,0.5978339822872983,0.6894984329517471,0.7109135380122773,0.5148188449699553,0.3342377271245026,0.09067162446430967,0.1205027693673666
0.2,0.2,0.68,0.67,0.85,0.9210609940028851,0.6371511441985802,0.6448265472400012,0.497571047891727,0.6371511441985802,0.6448265472400012,0.497571047891727,0.2190066870930415,0.040785011241591035,0.05077448493357918
0.22,0.22,0.9,0.3,0.9,0.9047516632199635,0.43568244627671204,0.8678191796776499,0.43568244627671204,0.43568244627671204,0.8678191796776499,0.43568244627671204,0.3623577544766736,-0.2272020946930871,0.3623577544766736
0.14,0.14,0.7,0.5,0.3,0.9610554383107709,0.6674628258413082,0.8020957578842927,0.9047516632199635,0.6674628258413082,0.8020957578842927,0.9047516632199635,0.3623577544766736,0.5403023058681398,0.6967067093471655
0.16,0.16,0.8,0.5,0.5,0.9492354180824408,0.5735199860724567,0.7899922314973651,0.7899922314973651,0.5735199860724567,0.7899922314973651,0.7899922314973651,0.26749882862458735,0.26749882862458735,0.5403023058681398
0.12,0.12,0.75,0.68,0.15,0.9713379748520297,0.6448265472400012,0.6967067093471655,0.9637708963658905,0.6448265472400012,0.6967067093471655,0.9637708963658905,0.1403316058467365,0.6216099682706645,0.6748757600712672
0.2,0.2,0.88,0.77,0.8,0.9210609940028851,0.47132836417373997,0.5652995311603544,0.5403023058681398,0.47132836417373997,0.5652995311603544,0.5403023058681398,-0.07912088880673387,-0.10898675223987134,0.0007963267107332633
0.16,0.25,0.01,0.1,0.07,0.9171208228166051,0.9855847669095608,0.9663899781345132,0.9736663950053749,0.9663899781345132,0.9393727128473789,0.9492354180824408,0.9939560979566968,0.9968017063026194,0.9855847669095608
0.11,0.29,0.2,0.05,0.66,0.9210609940028851,0.9523335698857134,0.9872272833756269,0.7179106696109434,0.8823328586101216,0.9427546655283462,0.5816830894638836,0.9689124217106447,0.6524374681640518,0.7583618759905081
0.18,0.26,0.05,0.4,0.04,0.9047516632199635,0.9736663950053749,0.8364626499151869,0.9758974493306055,0.9523335698857134,0.7899922314973651,0.955336489125606,0.9004471023526769,0.9959527330119943,0.9047516632199635
0.21,0.32,0.25,0.5,0.8,0.862807070514761,0.8960524975255253,0.7583618759905082,0.5318607213743555,0.8419009751622687,0.6822212072876136,0.43568244627671204,0.7316888688738209,0.497571047891727,0.26749882862458735
0.13,0.28,0.18,0.75,0.32,0.9171208228166051,0.9523335698857134,0.6371511441985802,0.9004471023526769,0.8960524975255253,0.5148188449699553,0.8253356149096782,0.5978339822872983,0.8775825618903728,0.48012422902853413
0.23,0.29,0.45,0.18,0.88,0.8678191796776499,0.7775727187509279,0.9171208228166051,0.44466151674170673,0.7384685587295879,0.891568288195329,0.3901516843082303,0.8080275083121519,0.23847605343372313,0.48887208186052755
0.1,0.27,0.35,0.45,0.05,0.9323273456060345,0.900447102352677,0.8525245220595057,0.9887710779360422,0.8138784566625339,0.751805729140895,0.9492354180824408,0.6967067093471655,0.9210609940028851,0.8775825618903728
0.22,0.31,0.42,0.88,0.8,0.862807070514761,0.8020957578842927,0.4535961214255773,0.5233659512516496,0.7451744023448704,0.371659872260533,0.44466151674170673,0.26749882862458735,0.34364574631604705,-0.10898675223987134
0.0,0.25,0.5,0.09,0.07,0.9689124217106447,0.8775825618903728,0.9959527330119943,0.9975510002532796,0.7316888688738209,0.9427546655283462,0.9492354180824408,0.8309406791001634,0.8419009751622687,0.9872272833756269
0.05,0.29,0.58,0.14,0.32,0.9427546655283462,0.8080275083121519,0.9820042351172703,0.9323273456060345,0.6448265472400013,0.9089657496748851,0.8196480178454795,0.751805729140895,0.6216099682706646,0.8960524975255253
0.1,0.3,0.58,0.28,0.55,0.9210609940028851,0.7775727187509279,0.9286646355765102,0.7960837985490559,0.6371511441985803,0.8364626499151869,0.6599831458849822,0.6524374681640519,0.4266598079301574,0.6748757600712672
0.2,0.32,0.65,0.31,0.89,0.8678191796776499,0.6599831458849822,0.8727445076457513,0.4624853668753008,0.5652995311603544,0.8080275083121519,0.35301940121933034,0.5735199860724567,0.030791459082466124,0.3623577544766736
0.19,0.28,0.57,0.58,0.17,0.8915682881953289,0.7248360107409052,0.7179106696109434,0.9358968236779348,0.6599831458849822,0.6524374681640519,0.9004471023526769,0.4084874408841574,0.7384685587295879,0.7316888688738209
0.11,0.26,0.56,0.68,0.27,0.9323273456060345,0.7838216658808492,0.7038453156522362,0.9286646355765102,0.6822212072876136,0.5897880250310983,0.862807070514761,0.324796284438776,0.6748757600712672,0.5816830894638835
0.12,0.28,0.7,0.16,0.32,0.9210609940028851,0.6822212072876136,0.9610554383107709,0.9047516632199635,0.5570225467662173,0.9047516632199634,0.8253356149096782,0.6524374681640519,0.5233659512516496,0.8869949227792842
0.18,0.29,0.78,0.15,0.61,0.891568288195329,0.5735199860724567,0.946042343528387,0.7038453156522362,0.48012422902853413,0.9047516632199635,0.6216099682706646,0.5978339822872982,0.17981297767299934,0.7248360107409052
0.2,0.25,0.7,0.25,0.03,0.9004471023526769,0.6216099682706646,0.9004471023526769,0.9736663950053749,0.5816830894638836,0.8775825618903728,0.9610554383107709,0.5816830894638836,0.7451744023448704,0.9610554383107709
0.16,0.28,0.72,0.27,0.32,0.9047516632199634,0.6371511441985802,0.9089657496748851,0.8869949227792842,0.5403023058681398,0.8525245220595057,0.8253356149096782,0.5486898605815876,0.5062202572327784,0.8309406791001634
0.11,0.3,0.79,0.8,0.32,0.9171208228166051,0.6216099682706645,0.6137457494888116,0.9089657496748851,0.4624853668753008,0.4535961214255773,0.8138784566625339,-0.019202492901692646,0.44466151674170673,0.43568244627671204
0.18,0.31,0.81,0.7,0.4,0.8823328586101216,0.5486898605815876,0.6371511441985803,0.8364626499151869,0.43568244627671204,0.5318607213743555,0.7583618759905082,0.0607588812193859,0.35301940121933034,0.4535961214255773
0.1,0.33,0.02,0.0,0.25,0.9089657496748851,0.9928086358538663,0.9950041652780257,0.9393727128473789,0.9393727128473789,0.946042343528387,0.8364626499151869,0.9998000066665778,0.9637708963658905,0.9689124217106447
0.18,0.37,0.11,0.28,0.3,0.8525245220595057,0.9582438755126972,0.8960524975255253,0.8869949227792842,0.8869949227792842,0.7960837985490559,0.7838216658808493,0.9249090598573131,0.9171208228166051,0.8364626499151869
0.13,0.4,0.17,0.25,0.38,0.862807070514761,0.955336489125606,0.9286646355765102,0.8727445076457513,0.8419009751622687,0.7960837985490559,0.7109135380122773,0.9130889403123083,0.8525245220595057,0.8080275083121519
0.11,0.42,0.38,0.82,0.31,0.862807070514761,0.8823328586101216,0.5978339822872983,0.9130889403123083,0.6967067093471655,0.32479628443877623,0.7451744023448704,0.3623577544766736,0.7712460149971067,0.4266598079301574
0.22,0.48,0.47,0.78,0.81,0.7648421872844885,0.7712460149971067,0.5403023058681398,0.5148188449699553,0.5816830894638836,0.3058169083782893,0.2771208750565576,0.3153223623952687,0.28671520963195546,-0.019202492901692646
0.14,0.38,0.59,0.11,0.32,0.8678191796776499,0.7451744023448704,0.9689124217106447,0.8960524975255253,0.5652995311603544,0.8823328586101216,0.7648421872844885,0.7648421872844885,0.6137457494888117,0.9089657496748851
0.15,0.42,0.6,0.15,0.62,0.8419009751622688,0.7316888688738209,0.955336489125606,0.7179106696109434,0.5233659512516496,0.8419009751622688,0.5062202572327784,0.7316888688738209,0.34364574631604705,0.7179106696109434
0.09,0.38,0.54,0.69,0.21,0.891568288195329,0.8080275083121519,0.7109135380122774,0.955336489125606,0.6058201566434629,0.4801242290285343,0.8309406791001634,0.3342377271245026,0.7316888688738209,0.6216099682706646
0.2,0.49,0.68,0.76,0.78,0.7712460149971067,0.6371511441985802,0.5735199860724567,0.5570225467662173,0.3901516843082303,0.3153223623952687,0.2962808729253187,0.13042370873814554,0.11056977982006957,0.030791459082466124
0.12,0.62,0.21,0.3,0.59,0.7384685587295879,0.946042343528387,0.9130889403123083,0.7583618759905082,0.6748757600712672,0.6058201566434629,0.35301940121933034,0.8727445076457513,0.6967067093471655,0.629412026573697
0.14,0.65,0.19,0.26,0.66,0.7038453156522362,0.946042343528387,0.9210609940028851,0.6967067093471655,0.6674628258413081,0.6137457494888116,0.2578500325326696,0.9004471023526769,0.6599831458849822,0.6058201566434629
0.16,0.51,0.09,0.38,0.1,0.7838216658808492,0.9689124217106447,0.8577086813638242,0.9663899781345132,0.8253356149096783,0.6294120265736969,0.8196480178454795,0.891568288195329,0.9820042351172703,0.8869949227792842
0.12,0.56,0.13,0.48,0.32,0.7775727187509279,0.9689124217106447,0.8253356149096783,0.9047516632199635,0.7712460149971065,0.5062202572327784,0.6371511441985802,0.8196480178454795,0.9004471023526769,0.6967067093471655
0.2,0.85,0.24,0.79,0.85,0.497571047891727,0.9047516632199635,0.5486898605815876,0.497571047891727,0.462485366875301,-0.06914844865406218,-0.12884449429552464,0.5148188449699553,0.462485366875301,-0.06914844865406218
0.16,0.52,0.3,0.09,0.11,0.7775727187509279,0.8960524975255253,0.9689124217106447,0.9637708963658905,0.6822212072876136,0.8196480178454795,0.8080275083121519,0.9249090598573131,0.9171208228166051,0.9800665778412416
0.21,0.78,0.42,0.32,0.84,0.5486898605815876,0.8080275083121519,0.862807070514761,0.497571047891727,0.3623577544766736,0.4535961214255773,-0.04918382191417055,0.7384685587295879,0.3058169083782893,0.3993395294062732
0.08,0.56,0.33,0.4,0.1,0.8020957578842927,0.9171208228166051,0.8869949227792842,0.9838436927881214,0.6294120265736968,0.5735199860724567,0.7899922314973651,0.7451744023448704,0.9089657496748851,0.8775825618903728
0.14,0.61,0.39,0.56,0.56,0.7316888688738209,0.862807070514761,0.7648421872844884,0.7648421872844884,0.5403023058681398,0.3901516843082303,0.3901516843082303,0.5816830894638835,0.5816830894638835,0.43568244627671204
0.18,0.7,0.41,0.67,0.33,0.6371511441985803,0.8309406791001634,0.6599831458849822,0.8727445076457513,0.44466151674170695,0.19944972099757285,0.5148188449699553,0.47132836417373997,0.7384685587295879,0.5403023058681398
0.22,0.8,0.44,0.78,0.88,0.5233659512516496,0.7899922314973651,0.5403023058681398,0.4535961214255773,0.32479628443877623,-0.009203543268808336,-0.10898675223987134,0.34364574631604705,0.2481754516523729,-0.08908541693645919
0.1,0.6,0.51,0.1,0.01,0.7648421872844885,0.8196480178454795,0.9800665778412416,0.9939560979566968,0.44466151674170695,0.7648421872844885,0.8196480178454795,0.8196480178454795,0.8678191796776499,0.9939560979566968
0.15,0.67,0.56,0.07,0.66,0.6822212072876136,0.7583618759905081,0.9758974493306055,0.6894984329517471,0.3342377271245026,0.7384685587295879,0.23847605343372313,0.8080275083121518,0.34364574631604683,0.7451744023448704
0.0,0.62,0.52,0.26,0.07,0.8138784566625339,0.8678191796776499,0.9663899781345132,0.9975510002532796,0.41759450395835795,0.6371511441985802,0.7712460149971067,0.7109135380122773,0.8309406791001634,0.946042343528387
0.11,0.88,0.67,0.66,0.89,0.5486898605815876,0.7109135380122773,0.7179106696109434,0.5403023058681398,0.02079482780309243,0.030791459082466124,-0.19788881460910904,0.23847605343372313,0.010796117058267392,0.02079482780309243
0.08,0.56,0.7,0.14,0.1,0.8020957578842927,0.7109135380122774,0.9758974493306055,0.9838436927881214,0.3058169083782893,0.7648421872844884,0.7899922314973651,0.6674628258413082,0.6967067093471655,0.9713379748520296
0.21,0.9,0.9,0.22,0.92,0.44466151674170673,0.44466151674170673,0.9089657496748851,0.42665980793015723,-0.2272020946930871,0.43568244627671204,-0.24663230996883403,0.43568244627671204,-0.24663230996883403,0.41759450395835795
0.08,0.58,0.71,0.27,0.09,0.7899922314973651,0.7038453156522362,0.9393727128473789,0.9855847669095608,0.2771208750565576,0.6599831458849822,0.7838216658808493,0.5570225467662173,0.6967067093471655,0.9358968236779348
0.13,0.62,0.77,0.28,0.31,0.7316888688738209,0.6216099682706645,0.9171208228166051,0.9047516632199635,0.17981297767299934,0.6216099682706645,0.5978339822872983,0.497571047891727,0.47132836417373997,0.8309406791001634
0.21,0.88,0.87,0.56,0.95,0.4624853668753008,0.47132836417373997,0.7179106696109434,0.3993395294062732,-0.17824605564949209,0.13042370873814554,-0.2563109082275227,0.1403316058467365,-0.2466323099688338,0.0607588812193859
0.22,0.86,0.83,0.89,0.65,0.47132836417373997,0.497571047891727,0.44466151674170673,0.6448265472400012,-0.11892156929661223,-0.17824605564949209,0.0607588812193859,-0.14865070027136365,0.09067162446430967,0.030791459082466124
0.2,0.78,0.91,0.82,0.85,0.5570225467662173,0.44466151674170673,0.5233659512516496,0.497571047891727,-0.11892156929661223,-0.029199522301288815,-0.059169093714148135,-0.15853200064419776,-0.18807683889288013,-0.09904103659872802
0.25,0.0,0.1,0.12,0.37,0.9689124217106447,0.9393727128473789,0.9323273456060345,0.8138784566625339,0.9950041652780257,0.9928086358538663,0.9323273456060345,0.9758974493306055,0.891568288195329,0.8823328586101216
0.29,0.1,0.17,0.74,0.52,0.9249090598573131,0.8960524975255253,0.5148188449699553,0.6894984329517471,0.9637708963658905,0.6674628258413082,0.8138784566625339,0.6137457494888116,0.7712460149971065,0.3058169083782893
0.3,0.18,0.23,0.9,0.84,0.8869949227792842,0.862807070514761,0.3623577544766736,0.4175945039583582,0.9171208228166051,0.47132836417373997,0.5233659512516496,0.42665980793015723,0.48012422902853413,-0.16839744794907702
0.32,0.02,0.34,0.13,0.31,0.9427546655283462,0.7899922314973651,0.9004471023526769,0.8080275083121519,0.9358968236779348,0.9887710779360422,0.946042343528387,0.8915682881953289,0.7960837985490559,0.9047516632199635
0.28,0.12,0.38,0.17,0.6,0.9210609940028851,0.7899922314973651,0.9004471023526769,0.6371511441985802,0.8775825618903728,0.9582438755126972,0.751805729140895,0.8525245220595057,0.5570225467662173,0.7179106696109434
0.26,0.09,0.33,0.28,0.32,0.9393727128473789,0.8309406791001634,0.8577086813638242,0.8364626499151869,0.9130889403123083,0.9323273456060345,0.9171208228166051,0.8196480178454795,0.7960837985490559,0.8253356149096782
0.28,0.16,0.41,0.51,0.56,0.9047516632199634,0.7712460149971067,0.7038453156522362,0.6674628258413081,0.8419009751622688,0.7838216658808492,0.7518057291408949,0.6058201566434629,0.5652995311603544,0.48012422902853413
0.26,0.12,0.34,0.68,0.29,0.9286646355765102,0.8253356149096782,0.5897880250310983,0.8525245220595057,0.8960524975255253,0.6967067093471655,0.9171208228166051,0.5233659512516496,0.8080275083121519,0.5652995311603544
0.31,0.2,0.46,0.78,0.83,0.8727445076457513,0.7179106696109434,0.4624853668753008,0.4175945039583582,0.7899922314973651,0.5570225467662173,0.5148188449699553,0.32479628443877623,0.2771208750565576,-0.039193631772987486
0.25,0.05,0.53,0.1,0.12,0.955336489125606,0.7109135380122773,0.9393727128473789,0.9323273456060345,0.8364626499151869,0.9887710779360422,0.9855847669095608,0.8080275083121519,0.7960837985490559,0.9758974493306055
0.32,0.15,0.66,0.24,0.82,0.891568288195329,0.5570225467662173,0.8472551110134161,0.4175945039583582,0.6894984329517471,0.9249090598573131,0.5652995311603544,0.6216099682706645,0.09067162446430967,0.48887208186052755
0.28,0.08,0.52,0.25,0.08,0.9358968236779348,0.6967067093471655,0.862807070514761,0.9358968236779348,0.8253356149096783,0.946042343528387,0.9872272833756269,0.7179106696109434,0.8253356149096783,0.946042343528387
0.33,0.2,0.64,0.59,0.94,0.862807070514761,0.5652995311603544,0.6058201566434629,0.2962808729253187,0.6674628258413081,0.7038453156522362,0.4175945039583582,0.3342377271245026,-0.009203543268808336,0.04078501124159126
0.31,0.15,0.58,0.76,0.52,0.8960524975255253,0.629412026573697,0.48012422902853413,0.6748757600712672,0.7451744023448704,0.6137457494888116,0.7838216658808492,0.2287528078084596,0.4535961214255773,0.28671520963195546
0.28,0.06,0.7,0.27,0.32,0.9427546655283462,0.5570225467662173,0.8525245220595057,0.8253356149096782,0.7248360107409052,0.946042343528387,0.9286646355765102,0.5652995311603544,0.5233659512516496,0.8309406791001634
0.3,0.16,0.89,0.32,0.95,0.8960524975255253,0.371659872260533,0.8138784566625339,0.3153223623952687,0.497571047891727,0.8869949227792842,0.44466151674170695,0.35301940121933034,-0.26596387560898016,0.2962808729253187
0.27,0.03,0.76,0.59,0.23,0.955336489125606,0.5148188449699553,0.6524374681640519,0.8775825618903728,0.7038453156522362,0.8138784566625339,0.9663899781345132,0.2190066870930415,0.5486898605815876,0.6822212072876136
0.32,0.2,0.84,0.81,0.8,0.8678191796776499,0.3993395294062732,0.42665980793015723,0.43568244627671204,0.5062202572327784,0.5318607213743555,0.5403023058681398,-0.07912088880673387,-0.06914844865406218,-0.03919363177298771
0.31,0.32,0.29,0.31,0.96,0.8080275083121519,0.8253356149096783,0.8138784566625339,0.2962808729253187,0.8196480178454795,0.8080275083121519,0.28671520963195546,0.8253356149096783,0.3153223623952687,0.2962808729253187
0.28,0.29,0.19,0.37,0.58,0.8419009751622687,0.8915682881953289,0.7960837985490559,0.6524374681640519,0.8869949227792842,0.7899922314973651,0.6448265472400013,0.8472551110134161,0.7179106696109434,0.5816830894638836
0.32,0.31,0.26,0.83,0.77,0.8080275083121519,0.8364626499151869,0.4084874408841574,0.4624853668753008,0.8419009751622687,0.4175945039583582,0.47132836417373997,0.462485366875301,0.5148188449699553,-0.029199522301288815
0.25,0.28,0.3,0.001,0.25,0.862807070514761,0.8525245220595057,0.9686645333364537,0.8775825618903728,0.8364626499151869,0.960778602180587,0.862807070514761,0.9550404912999932,0.8525245220595057,0.9686645333364537
0.26,0.26,0.31,0.26,0.13,0.8678191796776499,0.8419009751622687,0.8678191796776499,0.9249090598573131,0.8419009751622687,0.8678191796776499,0.9249090598573131,0.8419009751622687,0.9047516632199635,0.9249090598573131
0.27,0.29,0.34,0.28,0.32,0.8472551110134161,0.8196480178454795,0.8525245220595057,0.8309406791001634,0.8080275083121519,0.8419009751622687,0.8196480178454795,0.8138784566625339,0.7899922314973651,0.8253356149096782
0.28,0.28,0.38,0.29,0.62,0.8472551110134161,0.7899922314973651,0.8419009751622687,0.6216099682706645,0.7899922314973651,0.8419009751622687,0.6216099682706645,0.7838216658808493,0.5403023058681398,0.6137457494888117
0.26,0.26,0.35,0.62,0.24,0.8678191796776499,0.8196480178454795,0.6371511441985802,0.8775825618903728,0.8196480178454795,0.6371511441985802,0.8775825618903728,0.5652995311603544,0.8309406791001634,0.6524374681640519
0.3,0.32,0.43,0.87,0.83,0.8138784566625339,0.7451744023448704,0.3901516843082303,0.4266598079301574,0.7316888688738209,0.371659872260533,0.4084874408841574,0.26749882862458735,0.3058169083782893,-0.12884449429552464
0.25,0.26,0.51,0.04,0.13,0.8727445076457513,0.7248360107409052,0.9582438755126972,0.9286646355765102,0.7179106696109434,0.955336489125606,0.9249090598573131,0.8525245220595057,0.8020957578842927,0.9855847669095608
0.28,0.27,0.56,0.14,0.31,0.8525245220595057,0.6674628258413081,0.9130889403123083,0.8309406791001634,0.6748757600712672,0.9171208228166051,0.8364626499151869,0.7648421872844884,0.6448265472400012,0.9004471023526769
0.31,0.32,0.69,0.3,0.98,0.8080275083121519,0.5403023058681398,0.8196480178454795,0.2771208750565576,0.5318607213743555,0.8138784566625339,0.26749882862458735,0.5486898605815876,-0.09904103659872802,0.28671520963195546
0.28,0.29,0.57,0.6,0.27,0.8419009751622687,0.6599831458849822,0.6371511441985802,0.8525245220595057,0.652437468164052,0.629412026573697,0.8472551110134161,0.3901516843082303,0.6674628258413082,0.6448265472400012
0.27,0.28,0.59,0.69,0.26,0.8525245220595057,0.6524374681640519,0.5735199860724567,0.862807070514761,0.6448265472400012,0.5652995311603544,0.8577086813638242,0.2867152096319557,0.6599831458849822,0.5816830894638836
0.25,0.28,0.77,0.11,0.31,0.862807070514761,0.5233659512516496,0.9358968236779348,0.8472551110134161,0.497571047891727,0.9249090598573131,0.8309406791001634,0.6371511441985802,0.47132836417373997,0.9130889403123083
0.25,0.54,0.31,0.25,0.08,0.7038453156522362,0.8472551110134161,0.8775825618903728,0.946042343528387,0.6599831458849822,0.7038453156522362,0.8138784566625339,0.8472551110134161,0.9249090598573131,0.946042343528387
0.29,0.66,0.35,0.28,0.31,0.5816830894638836,0.8020957578842927,0.8419009751622687,0.8253356149096783,0.5318607213743555,0.5897880250310983,0.5652995311603544,0.8080275083121519,0.7899922314973651,0.8309406791001634
0.29,0.74,0.39,0.41,0.54,0.5148188449699553,0.7775727187509279,0.7648421872844885,0.6748757600712672,0.4266598079301574,0.4084874408841574,0.28671520963195546,0.6967067093471655,0.5978339822872982,0.5816830894638836
0.31,0.82,0.47,0.4,0.99,0.4266598079301574,0.7109135380122773,0.7583618759905082,0.26749882862458735,0.2771208750565576,0.34364574631604705,-0.23692904868467468,0.6448265472400012,0.11056977982006957,0.17981297767299934
0.28,0.55,0.38,0.9,0.22,0.6748757600712672,0.7899922314973651,0.38092482436688163,0.8775825618903728,0.5978339822872982,0.12050276936736638,0.7179106696109434,0.28671520963195546,0.8253356149096783,0.43568244627671204
0.33,0.04,0.02,0.12,0.11,0.9323273456060345,0.9393727128473789,0.9004471023526769,0.9047516632199635,0.9982005399352042,0.9872272833756269,0.9887710779360422,0.9902159962126372,0.9915618937147881,0.9736663950053749
0.37,0.09,0.1,0.13,0.32,0.8960524975255253,0.891568288195329,0.8775825618903728,0.7712460149971067,0.9820042351172703,0.9758974493306055,0.9171208228166051,0.9736663950053749,0.9130889403123083,0.9004471023526769
0.4,0.15,0.16,0.3,0.58,0.8525245220595057,0.8472551110134161,0.7648421872844885,0.5570225467662173,0.9523335698857134,0.900447102352677,0.7451744023448704,0.8960524975255253,0.7384685587295879,0.6371511441985803
0.37,0.07,0.1,0.41,0.3,0.9047516632199635,0.891568288195329,0.7109135380122773,0.7838216658808493,0.9855847669095608,0.8869949227792842,0.9323273456060345,0.8727445076457513,0.9210609940028851,0.7583618759905082
0.41,0.11,0.21,0.44,0.57,0.8678191796776499,0.8138784566625339,0.6599831458849822,0.5570225467662173,0.9492354180824408,0.8525245220595057,0.7775727187509279,0.7960837985490559,0.7109135380122774,0.5318607213743555
0.42,0.13,0.15,0.94,0.3,0.8525245220595057,0.8419009751622688,0.20923866589141948,0.751805729140895,0.9610554383107709,0.4801242290285343,0.9089657496748851,0.462485366875301,0.900447102352677,0.32479628443877623
0.41,0.04,0.33,0.26,0.12,0.900447102352677,0.7384685587295879,0.7838216658808493,0.862807070514761,0.9323273456060345,0.955336489125606,0.9872272833756269,0.8309406791001634,0.9004471023526769,0.9286646355765102
0.38,0.09,0.37,0.28,0.32,0.891568288195329,0.7316888688738209,0.7899922314973651,0.7648421872844885,0.8960524975255253,0.9323273456060345,0.9171208228166051,0.7960837985490559,0.7712460149971067,0.8253356149096782
0.42,0.29,0.14,0.03,0.68,0.7583618759905082,0.8472551110134161,0.900447102352677,0.4535961214255773,0.9089657496748851,0.9492354180824409,0.5652995311603544,0.9855847669095608,0.6822212072876136,0.7583618759905081
0.4,0.3,0.18,0.29,0.59,0.7648421872844885,0.8364626499151869,0.7712460149971067,0.5486898605815876,0.8869949227792842,0.8309406791001634,0.629412026573697,0.891568288195329,0.7179106696109434,0.6371511441985803
0.38,0.33,0.1,0.07,0.4,0.7583618759905082,0.8869949227792842,0.9004471023526769,0.7109135380122773,0.9089657496748851,0.9210609940028851,0.7451744023448704,0.9855847669095608,0.8775825618903728,0.8915682881953289
0.47,0.47,0.25,0.96,0.61,0.5897880250310983,0.751805729140895,0.1403316058467367,0.47132836417373997,0.751805729140895,0.1403316058467367,0.47132836417373997,0.35301940121933034,0.6524374681640519,0.0007963267107334854
0.41,0.37,0.79,0.12,0.32,0.7109135380122773,0.3623577544766736,0.862807070514761,0.7451744023448704,0.39933952940627304,0.8823328586101216,0.7712460149971067,0.6137457494888116,0.44466151674170673,0.9047516632199635
0.42,0.39,0.78,0.32,0.2,0.6894984329517471,0.3623577544766736,0.7384685587295879,0.8138784566625339,0.3901516843082303,0.7583618759905082,0.8309406791001634,0.4535961214255773,0.5570225467662173,0.8678191796776499
0.36,0.52,0.07,0.1,0.15,0.6371511441985802,0.9089657496748851,0.8960524975255253,0.8727445076457513,0.8309406791001634,0.8138784566625339,0.7838216658808492,0.9855847669095608,0.9758974493306055,0.9689124217106447
0.4,0.59,0.77,0.99,0.24,0.5486898605815876,0.3901516843082303,0.17981297767299934,0.8020957578842927,0.20923866589141948,-0.009203543268808336,0.6748757600712672,-0.18807683889288013,0.5318607213743555,0.3342377271245026
0.43,0.65,0.76,0.94,0.29,0.47132836417373997,0.371659872260533,0.19944972099757308,0.751805729140895,0.16010431155483104,-0.019202492901692424,0.5897880250310983,-0.12884449429552464,0.497571047891727,0.3342377271245026
0.6,0.08,0.13,0.14,0.32,0.7775727187509279,0.7451744023448704,0.7384685587295879,0.6058201566434629,0.9780309147241483,0.9758974493306055,0.9210609940028851,0.9637708963658905,0.9004471023526769,0.8960524975255253
0.8,0.24,0.23,0.29,0.98,0.5062202572327784,0.5148188449699553,0.4624853668753008,-0.2076810016087838,0.891568288195329,0.862807070514761,0.34364574631604705,0.8678191796776499,0.35301940121933034,0.2962808729253187
0.65,0.09,0.16,0.49,0.31,0.7384685587295879,0.6894984329517471,0.41759450395835795,0.5735199860724567,0.9689124217106447,0.8364626499151869,0.9210609940028851,0.7960837985490559,0.891568288195329,0.6967067093471655
0.68,0.16,0.2,0.59,0.6,0.6674628258413081,0.6371511441985802,0.2962808729253187,0.28671520963195546,0.9358968236779348,0.7316888688738209,0.7248360107409052,0.7038453156522362,0.6967067093471655,0.371659872260533
0.75,0.22,0.24,0.96,0.62,0.5652995311603544,0.5486898605815876,-0.13875453495237758,0.19944972099757285,0.8960524975255253,0.3809248243668818,0.6674628258413082,0.3623577544766736,0.6524374681640519,-0.009203543268808336
0.87,0.23,0.25,0.85,0.8,0.4535961214255773,0.43568244627671204,-0.14865070027136365,-0.09904103659872802,0.8869949227792842,0.47132836417373997,0.5148188449699553,0.4535961214255773,0.497571047891727,-0.07912088880673387
0.52,0.08,0.33,0.07,0.09,0.8253356149096783,0.6599831458849822,0.8309406791001634,0.8196480178454795,0.9171208228166051,0.9887710779360422,0.9855847669095608,0.9210609940028851,0.9130889403123083,0.9872272833756269
0.62,0.12,0.36,0.36,0.32,0.7384685587295879,0.5570225467662173,0.5570225467662173,0.5897880250310983,0.8869949227792842,0.8869949227792842,0.9047516632199635,0.751805729140895,0.7775727187509279,0.7775727187509279
0.68,0.15,0.58,0.35,0.6,0.6748757600712672,0.3058169083782893,0.5148188449699553,0.28671520963195546,0.7451744023448704,0.8775825618903728,0.7316888688738209,0.5978339822872983,0.3809248243668818,0.5816830894638836
0.54,0.25,0.07,0.09,0.11,0.7038453156522362,0.8196480178454795,0.8080275083121519,0.7960837985490559,0.9492354180824408,0.9427546655283462,0.9358968236779348,0.9872272833756269,0.9838436927881214,0.9800665778412416
0.9,0.31,0.24,0.3,0.97,0.35301940121933034,0.41759450395835795,0.3623577544766736,-0.294759352997261,0.8525245220595057,0.8196480178454795,0.28671520963195546,0.8577086813638242,0.35301940121933034,0.2962808729253187
0.56,0.27,0.11,0.59,0.22,0.6748757600712672,0.7838216658808492,0.4084874408841574,0.7109135380122773,0.9286646355765102,0.6524374681640519,0.8823328586101216,0.7648421872844885,0.946042343528387,0.6894984329517471
0.85,0.32,0.22,0.87,0.79,0.3901516843082303,0.48012422902853413,-0.14865070027136365,-0.06914844865406218,0.8577086813638242,0.371659872260533,0.44466151674170673,0.4624853668753008,0.5318607213743555,-0.08908541693645919
0.52,0.28,0.32,0.1,0.1,0.6967067093471655,0.6674628258413081,0.8138784566625339,0.8138784566625339,0.8253356149096782,0.9286646355765102,0.9286646355765102,0.9130889403123083,0.9130889403123083,0.9800665778412416
0.78,0.47,0.24,0.3,0.93,0.3153223623952687,0.5233659512516496,0.47132836417373997,-0.13875453495237758,0.7583618759905082,0.7179106696109434,0.169967142900241,0.8577086813638242,0.3901516843082303,0.3342377271245026
0.56,0.35,0.1,0.62,0.23,0.6137457494888116,0.7899922314973651,0.38092482436688163,0.7038453156522362,0.900447102352677,0.5652995311603544,0.8364626499151869,0.751805729140895,0.946042343528387,0.6599831458849822
0.61,0.38,0.09,0.38,0.3,0.5486898605815876,0.7648421872844885,0.5486898605815876,0.6137457494888117,0.891568288195329,0.7248360107409052,0.7775727187509279,0.891568288195329,0.9249090598573131,0.7775727187509279
0.78,0.47,0.29,0.98,0.59,0.3153223623952687,0.48012422902853413,-0.18807683889288013,0.19944972099757285,0.7248360107409052,0.1205027693673666,0.48887208186052755,0.2962808729253187,0.6371511441985803,0.0007963267107334854
0.58,0.4,0.32,0.22,0.24,0.5570225467662173,0.6216099682706646,0.6967067093471655,0.6822212072876136,0.751805729140895,0.8138784566625339,0.8020957578842927,0.8577086813638242,0.8472551110134161,0.8960524975255253
0.68,0.43,0.6,0.47,0.55,0.44466151674170673,0.28671520963195546,0.4084874408841574,0.3342377271245026,0.5148188449699553,0.6216099682706646,0.5570225467662173,0.4801242290285343,0.4084874408841574,0.5233659512516496
0.57,0.37,0.75,0.27,0.32,0.5897880250310983,0.24817545165237312,0.6674628258413082,0.629412026573697,0.43568244627671204,0.8020957578842927,0.7712460149971067,0.5233659512516496,0.48012422902853413,0.8309406791001634
0.62,0.56,0.11,0.24,0.22,0.38092482436688163,0.7451744023448704,0.6524374681640519,0.6674628258413082,0.7838216658808492,0.6967067093471655,0.7109135380122773,0.9393727128473789,0.946042343528387,0.8960524975255253
0.64,0.58,0.14,0.32,0.21,0.34364574631604705,0.7109135380122773,0.5735199860724567,0.6599831458849822,0.751805729140895,0.6216099682706646,0.7038453156522362,0.8960524975255253,0.9393727128473789,0.862807070514761
0.64,0.59,0.12,0.58,0.24,0.3342377271245026,0.7248360107409052,0.34364574631604705,0.6371511441985802,0.7583618759905082,0.3901516843082303,0.6748757600712672,0.7648421872844885,0.9358968236779348,0.6822212072876136
0.68,0.61,0.34,0.31,0.23,0.2771208750565576,0.5233659512516496,0.5486898605815876,0.6137457494888116,0.5816830894638836,0.6058201566434629,0.6674628258413082,0.7960837985490559,0.8419009751622687,0.8577086813638242
0.9,0.78,0.62,0.32,0.89,-0.10898675223987134,0.05077448493357918,0.34364574631604705,-0.21745242068136467,0.169967142900241,0.4535961214255773,-0.09904103659872802,0.5897880250310983,0.0607588812193859,0.35301940121933034
0.85,0.82,0.66,0.83,0.83,-0.09904103659872802,0.0607588812193859,-0.10898675223987112,-0.10898675223987112,0.09067162446430967,-0.07912088880673387,-0.07912088880673387,0.08070844845480062,0.08070844845480062,-0.08908541693645897
0.56,0.6,0.77,0.13,0.32,0.39933952940627304,0.23847605343372313,0.7712460149971065,0.6371511441985802,0.19944972099757285,0.7451744023448704,0.6058201566434629,0.6216099682706645,0.4624853668753008,0.9004471023526769
0.66,0.68,0.81,0.57,0.57,0.22875280780845939,0.1006257333869315,0.3342377271245026,0.3342377271245026,0.0807084484548004,0.3153223623952687,0.3153223623952687,0.18964083129783446,0.18964083129783446,0.4175945039583582
0.68,0.64,0.79,0.97,0.24,0.2481754516523729,0.1006257333869315,-0.07912088880673387,0.6058201566434629,0.1403316058467365,-0.039193631772987486,0.6371511441985802,-0.18807683889288013,0.5148188449699553,0.35301940121933034
